,,Damages,,,,,,,,Emissions,,,,,,,,,,,,Recycled Resources,,,,,,,,,,,,,,,Resource Consumption,,,,,,,,,,,,Financials,,,,,,,,,,,,,,
,,Damages Bucket,,,,,,,,Total Emissions Bucket,,,,,,Emissions per sales/energy consumption Bucket,,,,,,Water Recycled Bucket,,,,,Energy Recycled Bucket,,,,,Waste Recycled Bucket,,,,,Water Consumption Bucket,,,,Energy Consumption Bucket,,,,Waste Consumption Bucket,,,,GAAP Highlights Bucket,,,,Ratios Bucket,,,,Volatility Bucket,Company Valutation Bucket,,,,Descriptive Bucket,
,,Environmental Fines (Amount),,Total Discharges to water,,Amount of Spills (Tonnes),,Hazardous Waste (Tonnes),,Direct CO2 Emissions (Tonnes),,Total GHG Emissions (Tonnes),,ODS Emissions (Tonnes),,Total GHG CO2 Emissions Intensity per Sales,,Greenhouse gas intensity per energy consumption,,Greenhouse Gas Intensity per sales,,% Water Recycled,,,Total Water Recycled (Tonnes),,Total Renewables % total Energy (make),,Renewable Energy Use (Mwh),,,Waste recycled % total waste (make),,Waste Recycled (Tonnes),,,Total Water Use,,Water intensity per sales,,Total Energy Consumption (MwH),,Energy intensity per sales,,Total Waste (Tonnes),,waste generated per sales,,Revenue,,EPS,,P/E Ratio,,Debt to Equity Ratio,,Adjusted Beta,Market Cap,,EV,,Industry,Country
Ticker,Name,Average annual change [5y],% Change [5y],Average annual change [5y],% Change [5y],Average annual change [5y],% Change [5y],Average annual change [5y],% Change [5y],Average annual change [5y],% Change [5y],Average annual change [5y],% Change [5y],Average annual change [5y],% Change [5y],Average annual change [5y],% Change [5y],Average annual change [5y],% Change [5y],Average annual change [5y],% Change [5y],Proportional Change,% Change [5y],2017 Value,Average annual change [5y],% Change [5y],% Change [5y],2017 Value,Proportional Change,Average annual change [5y],% Change [5y],% Change [5y],2017 Value,Proportional Change,Average annual change [5y],% Change [5y],Average annual change [5y],% Change [5y],Average annual change [5y],% Change [5y],Average annual change [5y],% Change [5y],Average annual change [5y],% Change [5y],Average annual change [5y],% Change [5y],Average annual change [5y],% Change [5y],Average annual change [5y],2017 Value,Average annual change [5y],2017 Value,Average annual change [5y],2017 Value,Average annual change [5y],2017 Value,2017 Value,Average annual change [5y],2017 Value,Average annual change [5y],2017 Value,2017 Value,2017 Value
GRO CN,GrowMax Resources Corp,,,,,,,,,,,,,,,,,,,,,,,--,,,,,,,,,,,,,,,,,,,,,,,,,-9241574.6,-,0.01,-0.02,#N/A,#N/A N/A,-,-,0.87,-12729249.42,21036300,-63926097.11,-12449700,Materials,CA
S CN,Sherritt International Corp,,,,,,,,,,,,,,,,,,,,,,,14.054,,,,,,,,,,,,,,,,,,,,,,,,,-41600000,267300000,0.18,0.99,#N/A,#N/A N/A,4.41,78.02,3.4,-17550114.38,515521200,-407505980.2,1136621200,Materials,CA
H CN,Hydro One Ltd,,,,,,,,,,,,,,,,,,,,,,,--,,,,,,,,,,,,,,,,,,,,,,,,,52400000,5990000000,-0.02,1.11,0.43,20.36,-2.56,111.97,0.96,1277520.99,13336659800,#N/A,25281659800,Utilities,CA
BTO CN,B2Gold Corp,,,,,,,,,,,,,,,,,,,,,,,55,,,,,,,,,3.28E-05,,,,,,,,,,,,,,,,75925200,638677000,-0.01,0.06,7.1,52.76,8.82,44.83,6.53,36245745.05,3802746600,284641560.1,4515535400,Materials,CA
CUF-U CN,Cominar Real Estate Investment Trust,,,,,,,,,,,,,,,,,,,,,,,--,,,,,,,,,,,,,,,,,,,,,,,,,54190400,835489000,-1.05,-2.13,0.41,10.57,7.11,139.99,0.46,-4712922.26,2667361100,261107774.5,7152502100,Real Estate,CA
CHP-U CN,Choice Properties Real Estate Investment,,,,,,,,,,,,,,,,,,,,,,,--,,,,,,,,,,,,,,,,,,,,,,,,,#N/A,830630000,#N/A,0.98,#N/A,22.52,#N/A,458.71,1.21,28925850.82,5386590000,#N/A,9686914000,Real Estate,CA
ARX CN,ARC Resources Ltd,0,,,,5.707198381,0.011495254,,,,,2517.199707,0.002520062,,,-17.01035613,-0.020328355,-10.86861111,-0.028295205,-17.01035613,-0.020328355,,,--,,,,,,,,,,,,,289079.1992,0.306197477,197.0030175,0.249088018,93338.03711,0.03589331,20.2154848,0.009279706,,,,,30360000,1345500000,0.13,1.1,-0.52,30.26,0.33,24.84,4.66,-14481724.58,5217854700,-577674265.2,5908954700,Energy,CA
TSGI CN,Stars Group Inc/The,,,,,,,,,,,,,,,,,,,,,,,--,,,,,,,,,,,,,,,,,,,,,,,,,247165196,1312315000,0.38,1.77,#N/A,18.03,2.81,102.39,-2.27,12599617.2,4320278800,1284709943,7777432700,Consumer Discretionary,CA
PDL CN,North American Palladium Ltd,,,,,,,,,,,,,,,,,,,,,,,--,,,,,,,,,,,,,,,,,,,,,,,,,22339200,272400000,31.3,0.62,#N/A,11.67,-6.56,20.01,0.15,260015861.3,427230000,62473984.17,501730000,Materials,CA
SGY CN,Surge Energy Inc,,,,,,,,,,,,,,,,,,,,,,,--,,,,,,,,,,,,,,,,,,,,,,,,,11872400,216908000,0.14,-0.03,3.37,40.56,-4.71,31.89,5.78,-11158095.83,486803800,46167280.94,734340800,Energy,CA
DRG-U CN,Dream Global Real Estate Investment Trus,,,,,,,,,,,,,,,,,,,,,,,--,,,,,,,,,,,,,,,,,,,,,,,,,25013400,263728000,0.35,1.92,-1.88,17.09,-4.58,99.02,-0.84,39178035.24,2149769200,584606674.5,4221118200,Real Estate,CA
GUD CN,Knight Therapeutics Inc,,,,,,,,,,,,,,,,,,,,,,,--,,,,,,,,,,,,,,,,,,,,,,,,,#N/A,8634000,#N/A,0.12,#N/A,101.41,#N/A,-,3.92,14373948.09,1186719000,#N/A,421686000,Health Care,CA
ALA CN,AltaGas Ltd,,,,,,,,,,,,,,,,,,,,,,,--,,,,,,,,,,,,,,,,,,,,,,,,,238215400,2618700000,-0.18,0.18,2.78,46.92,-11.19,79.16,1.8,-896835.45,7391769000,920929157.2,12380169000,Utilities,CA
GUY CN,Guyana Goldfields Inc,,,,,,,,,,,,,,,,,,,,,,,--,,,,,,,,,,,,,,,,,,,,,,,,,39896000,199480000,0.05,0.16,#N/A,28.45,3.1,15.5,7.05,-8626190.94,879127700,48864543.29,806778000,Materials,CA
SMF CN,SEMAFO Inc,,,,,,,,,,,,,,,,,,,,,,,--,,,,,,,,,,,,,,,,,,,,,,,,,-5643200,258993000,0.02,0.06,8.07,47.5,3.66,18.31,2.96,21383764.63,1160184600,54457716.57,1124357300,Materials,CA
MUX US,McEwen Mining Inc,,,,,,,,,,,,,,,,,,,,,,,--,,,,,,,,,,,,,,,,,,,,,,,,,12351600,67724000,0.05,-0.03,#N/A,#N/A N/A,0.02,0.09,-12.9,21921821.42,759187200,1520254.75,724533200,Materials,CA
VII CN,Seven Generations Energy Ltd,,,,,,,,,,,,,,,,,,,,,,,--,,,,,,,,,,,,,,,,,,,,,,,,,442021000,2262000000,0.33,1.59,#N/A,15.25,8.79,43.96,10.52,-8208594.08,6306646800,#N/A,8097746800,Energy,CA
ABX CN,Barrick Gold Corp,,,-3180000,-0.041897233,,,,,,,-521959.9609,-0.086851472,,,-2.300509345,-0.005509923,-8.968532663,-0.027083483,-2.300509345,-0.005509923,,,77,,,,0.104150527,,,,,,,,,,,,,-1254600,-0.069129301,31.46132102,0.024952573,,,,,-1204000000,8374000000,0.35,1.23,3.45,17.22,0.29,58.04,7.61,37683848.66,21202667600,-5003862559,28681286600,Materials,CA
BCE CN,BCE Inc,,,,,,,,,,,14023.99902,0.049017821,,,0.266490505,0.018608693,-5.766889993,-0.033621714,0.266490505,0.018608693,,,--,,,,0.429707309,,,,,,,,,,,,,165697.998,0.099339327,5.242045648,0.062785125,2392.599869,0.119845712,0.080730735,0.080787346,555800000,22757000000,0.01,3.2,-0.42,17.5,0.92,113.42,0.59,4649633.21,54381890400,4634390385,81476890400,Communication Services,CA
VNR CN,Valener Inc,,,,,,,,,,,,,,,,,,,,,,,--,,,,,,,,,,,,,,,,,,,,,,,,,-,-,0.12,1.37,-2.76,16.15,1.22,13.71,0.82,13335520.13,857630200,84650720.78,1058156200,Utilities,CA
RMX CN,Rubicon Minerals Corp,,,,,,,,,,,,,,,,,,,,,,,--,,,,,,,,,,,,,,,,,,,,,,,,,-,-,1.24,-0.3,#N/A,#N/A N/A,10.17,50.92,-3.58,-16690679.4,84380400,-98713036.33,75291400,Materials,CA
CAR-U CN,Canadian Apartment Properties REIT,,,,,,,,,,,,,,,,,,,,,,,--,,,,,,,,,,,,,,,,,,,,,,,,,49167800,661763000,0.31,6.15,-1.39,24.51,-2.91,81.92,0.21,37733611.01,5049591400,775809109.4,9059077400,Real Estate,CA
TRP CN,TC Energy Corp,,,,,266.3992023,1091.916336,,,,,,,,,,,,,,,,,--,,,,,,,,,,,,,,,,,,,,,,,,,1088400000,13449000000,0.32,3.44,-2.62,19.87,8.17,161.81,2.24,9159128.52,53688631400,8014032934,101942631400,Energy,CA
WEF CN,Western Forest Products Inc,,,,,,,,,,,,,,,,,,,,,,,--,,,,,,,,,,,,,,,,,,,,,,,,,43600000,1143400000,0.03,0.19,-5.12,11.4,-1.89,-,-2.34,-11260812.83,969845000,88971349.32,934545000,Materials,CA
IMO CN,Imperial Oil Ltd,,,,,,,959.9998474,0.041739124,,,566000,0.052897196,,,26.55455346,0.073744725,-8.404953388,-0.03227133,26.55455346,0.073744725,,,--,,,,,,,,,,,,,,,,,4172219.531,0.10155512,174.7768565,0.126413754,,,,,-452600000,27452000000,-0.77,0.58,17.19,111.14,2.25,21.31,1.47,-8120300.58,32718868900,-948027907.5,36730868900,Energy,CA
1228Z CN,NAV Canada,,,,,,,,,,,,,,,,,,,,,,,--,,,,,,,,,,,,,,,,,,,,,,,,,12200000,1291000000,#N/A,#N/A N/A,#N/A,#N/A N/A,-1435.21,431.08,#N/A N/A,#N/A,#VALUE!,#N/A,#VALUE!,#N/A N/A,CA
1318Z CN,Greater Toronto Airports Authority,,,,,,,,,,,,,,,,,,,,,,,--,,,,,,,,,,,,,,,,,,,,,,,,,50009800,1387686000,#N/A,#N/A N/A,#N/A,#N/A N/A,#N/A,#N/A N/A,#N/A N/A,#N/A,#VALUE!,#N/A,#VALUE!,#N/A N/A,CA
1431Z CN,EPCOR Utilities Inc,,,,,,,,,,,,,,,,,,,,,,,--,,,,,,,,,,,,,,,,,,,,,,,,,17600000,2047000000,#N/A,#N/A N/A,#N/A,#N/A N/A,-1.41,81.61,#N/A N/A,#N/A,#VALUE!,#N/A,#VALUE!,#N/A N/A,CA
1629Z CN,CU Inc,,,,,,,,,,,,,,,,,,,,,,,--,,,,,,,,,,,,,,,,,,,,,,,,,156400000,2626000000,#N/A,#N/A N/A,#N/A,#N/A N/A,6.8,163.08,#N/A N/A,#N/A,#VALUE!,#N/A,#VALUE!,Utilities,CA
ZZZ CN,Sleep Country Canada Holdings Inc,,,,,,,,,,,,,,,,,,,,,,,--,,,,,,,,,,,,,,,,,,,,,,,,,#N/A,586948000,#N/A,1.58,#N/A,21.41,#N/A,40.35,3.29,2844734,1257497700,#N/A,1341686700,Consumer Discretionary,CA
1502Z CN,Alliance Pipeline LP/Canada,,,,,,,,,,,,,,,,,,,,,,,--,,,,,,,,,,,,,,,,,,,,,,,,,18798000,558168000,#N/A,#N/A N/A,#N/A,#N/A N/A,-17.38,246.21,#N/A N/A,#N/A,#VALUE!,#N/A,#VALUE!,#N/A N/A,CA
TA CN,TransAlta Corp,0,,-2800000,-0.015053763,,,,,,,666539.8438,0.02508873,,,187.8303529,0.015624661,-6.040565303,-0.024473482,187.8303529,0.015624661,,,--,,,,,,,,,,,,,,,,,6078600,0.056472621,2225.281075,0.045688987,,,,,19400000,2307000000,0.39,-0.66,#N/A,#N/A N/A,-8.28,84.54,3.3,-3285090.54,2144880800,-366186459.2,7538880800,Utilities,CA
MRC CN,Morguard Corp,,,,,0.033660197,0.063509804,,,,,-7215.600324,-0.057446759,,,-47.1014448,-0.148802388,-7.779897977,-0.037488103,-47.1014448,-0.148802388,,,--,,,,,,,,-0.037063965,0.267424958,,-68.80000159,-0.008931585,-75629.20189,-0.036023408,-746.5768469,-0.14110825,-14866.29105,-0.024562701,-208.9486799,-0.136992168,2100.799817,0.123474771,-3.594156038,-0.083824909,141611400,1104867000,-0.84,26.1,-0.68,6.5,8.36,124.83,2.09,1937405.96,2125317100,891014885,7753999100,Real Estate,CA
ATD/B CN,Alimentation Couche-Tard Inc,,,,,,,,,,,,,,,,,,,,,,,--,,,,,,,,,,,,,,,,,,,,,,,,,2984840000,37904500000,0.26,2.13,-9.64,20.85,5.05,55.83,0.2,13562226.17,35912861100,4469735620,39614462500,Consumer Staples,CA
AEM CN,Agnico Eagle Mines Ltd,10794.00033,,931059.9609,0.129313883,-117.6554054,-0.1573699,,,,,9786.199951,0.02675843,,,-1.16188356,-0.006092464,-3.954062846,-0.019517647,-1.16188356,-0.006092464,0.001772808,0.0013363,68.478,703679.8828,0.067068868,,,,,,-0.016919661,0.00010977,,-519373.2301,-0.199510315,1007119.922,0.06529606,216.0484546,0.026862151,92574.02344,0.051280445,14.00454419,0.014877003,5466999.609,0.177893314,1973.468825,0.123147243,64978000,2242604000,-0.15,1.06,4.63,43.69,0.62,27.8,3.38,39897270.27,13488970800,640579665.2,14405153000,Materials,CA
ACO/X CN,Atco Ltd/Canada,-200.0000095,-0.2,,,,,162.4000072,0.193563778,,,-532600,-0.039262809,,,-202.221336,-0.059809215,,,-202.221336,-0.059809215,,,--,,,,,,,,,,,,,,,,,,,,,,,,,117600000,4600000000,-0.26,1.92,0.75,17.8,5.62,140.64,1.75,-1084680.13,5159636900,1001279138,18000636900,Utilities,CA
BMO CN,Bank of Montreal,0,,,,,,,,2837.979889,0.11949842,6725.798035,0.062399549,,,-0.021134903,-0.004111253,-8.304377558,-0.035925643,-0.021134903,-0.004111253,,,--,,,-0.006841058,0.212877029,,8707.199097,0.075574799,,,,,,,,,,55887.40234,0.11985443,0.862454968,0.038780454,,,,,1423800000,28086000000,0.35,7.95,-0.47,12.25,-6.55,192.34,1.46,2850861.8,64016370900,#N/A,#VALUE!,Financials,CA
BNS CN,Bank of Nova Scotia/The,,,,,,,,,,,-4446.200562,-0.030798968,,,-0.397621198,-0.073959383,-13.63682524,-0.045956297,-0.397621198,-0.073959383,,,--,,,,,,,,,,,,,,,,,9573.999023,0.019679259,-0.658718625,-0.036357326,,,,,1839000000,36047000000,0.25,6.55,-0.8,12.91,0.92,215.08,1.5,932053.53,99818806200,#N/A,#VALUE!,Financials,CA
BBD/B CN,Bombardier Inc,,,,,,,-463.599968,-0.046341462,,,-7802.001953,-0.025064176,,,-0.431294183,-0.022742354,-4.600475082,-0.018687522,-0.431294183,-0.022742354,,,--,,,0.003136724,0.159661634,,2546.200562,0.013986041,,0.63515264,,,,,,,,-8893.994141,-0.007033884,-0.344558046,-0.004472756,-816.7999268,-0.014636156,-0.04139771,-0.012175928,-43000000,16199000000,-0.1,-0.24,#N/A,#N/A N/A,#N/A,#N/A N/A,1.63,-7916372.77,6810583400,1033677690,17446006400,Industrials,CA
T CN,TELUS Corp,,,,,,,87.01019883,0.443993023,,,-5277.197266,-0.013673798,,,-1.704558076,-0.048234752,-0.487728341,-0.001684905,-1.704558076,-0.048234752,,,--,,,,0.023949228,,,,0.139631249,0.782449726,,3213.139689,5.130344255,27060.80322,0.049005795,0.142518099,0.002818637,-16119.99512,-0.012090752,-5.731148518,-0.046945339,2780.732155,0.374305721,0.182157999,0.267779891,497400000,13408000000,0.16,2.63,-1.69,16.95,11.77,145.49,0.37,2343962.33,28312726300,2278701350,41605726300,Communication Services,CA
CCO CN,Cameco Corp,-46705.60062,-0.2,-481739.8438,-0.023604632,,,-1154.399967,-0.098903356,,,-19850.59814,-0.03867605,,,-15.90424399,-0.058586152,-1.178712107,-0.003267396,-15.90424399,-0.058586152,,,--,,,,,,,,,,,,,,,,,-51213.98926,-0.035996731,-42.31926979,-0.056237507,-102024.6033,-0.145593643,-56.45113223,-0.152308307,53238400,2156852000,-0.23,-0.52,#N/A,#N/A N/A,0.65,30.75,0.31,-8094330.98,4595153600,-798811046.2,5498375600,Energy,CA
CM CN,Canadian Imperial Bank of Commerce,,,,,,,,,,,,,,,-0.518287176,-0.100889311,,,,,,,--,,,,,,,,,0.8441336,,,,,,,,-6419.799805,-0.015775634,-1.163523286,-0.048977633,,,,,753200000,20896000000,0.68,11.26,-0.79,10.28,-1.97,143.72,1.2,2643617.63,49924838300,#N/A,#VALUE!,Financials,CA
CNQ CN,Canadian Natural Resources Ltd,,,,,-2062.95414,-0.102582473,-11285.60028,-0.095573455,,,550400,0.027358584,,,-2.33290458,-0.001684218,,,-2.33290458,-0.001684218,,,--,,,,,,,,,0.018271973,,,,,,,,,,,,227212.0117,0.177094319,11.38872409,0.128924262,425400000,16651000000,0.06,2.04,0.05,25.37,6.99,70.95,2.57,-400732.9,54718836400,5440048924,77039836400,Energy,CA
CTC/A CN,Canadian Tire Corp Ltd,,,,,,,,,,,,,,,,,,,,,,,--,,,,,,,,,,,,,,,,,,,,,,,,,369900000,13276700000,0.91,10.7,-1.92,15.35,-0.91,75.75,0.34,-2558541.09,11241613700,1610924797,15711513700,Consumer Discretionary,CA
CU CN,Canadian Utilities Ltd,,,,,,,,,,,,,,,,,,,,,,,--,,,,,,,,,,,,,,,,,,,,,,,,,209200000,4085000000,-0.1,1.66,0.26,19.46,6.27,156.5,0.91,-1743963.78,10115846500,873259844.2,21282846500,Utilities,CA
CFP CN,Canfor Corp,,,,,,,,,,,,,,,,,,,,,,,--,,,,,,,,,,,,,,,,,,,,,,,,,403200000,4658800000,0.49,2.63,-5.37,8.52,-0.89,19.28,-4.7,-14532576.09,3203512700,217624743.1,3570612700,Materials,CA
CAS CN,Cascades Inc,,,,,,,,,,,,,,,,,,,,,,,--,,,,,,,,,,,,,,,,,,,,,,,,,135200000,4321000000,1.12,5.35,-71.53,13.61,-8.3,100.62,-0.68,13722130.79,1291120200,179148439.4,2959120200,Materials,CA
CCL/B CN,CCL Industries Inc,,,,,,,,,,,,,,,,,,,,,,,--,,,,,,,,,,,,,,,,,,,,,,,,,689429800,4755700000,0.42,2.7,-16.3,22.79,14.19,108.04,0.77,29057487.74,10273742500,2194809275,12047642500,Materials,CA
GIB/A CN,CGI Inc,,,,,,,,,,,,,,,,,,,,,,,--,,,,,,,,,,,,,,,,,,,,,,,,,1214522400,10845066000,0.6,3.48,-11.86,17.74,-12.98,30.02,1.03,19171304.88,19014986400,2107836720,20711117400,Information Technology,CA
DII/B CN,Dorel Industries Inc,,,,,,,,,,,,,,,,,,,,,,,--,,,,,,,,,,,,,,,,,,,,,,,,,17391600,2577668000,-0.51,0.85,0.29,12.16,4.02,46.3,2.87,-14994751.76,1008048700,-62856654.96,1595333200,Consumer Discretionary,CA
NGD CN,New Gold Inc,,,,,,,,,,,-13447.60132,-0.054303464,,,30.2320566,0.096603213,,,30.2320566,0.096603213,0.037048559,0.01910443,89.783,6140000,0.224908425,,,,,,,,,,,6257800,0.187859866,24819.6918,0.589589689,,,,,-924000,-0.018727958,10538.8919,0.169026413,-80520000,388700000,-0.12,-0.19,4.7,75.49,3.03,46.82,3.74,-12939561.51,2389003700,-426950066.1,3372999500,Materials,CA
DC/A CN,Dundee Corp,,,,,,,,,,,,,,,,,,,,,,,--,,,,,,,,,,,,,,,,,,,,,,,,,14327000,309663000,-0.53,-1.01,#N/A,#N/A N/A,-0.97,19.9,5.44,-17004770.99,143550400,-455789338.6,370607400,Real Estate,CA
EMP/A CN,Empire Co Ltd,,,,,,,,,,,,,,,,,,,,,,,--,,,,,,,,,,,,,,,,,,,,,,,,,1511420000,23806200000,-0.22,0.58,9.19,40.74,3.51,50.53,-2.91,4195358.77,5841033600,604206670.6,7563033600,Consumer Staples,CA
FFH CN,Fairfax Financial Holdings Ltd,,,,,,,,,,,,,,,,,,,,,,,--,,,,,,,,,,,,,,,,,,,,,,,,,1640360000,16224600000,8.76,66.74,-1.31,14.07,2.46,34.84,0.07,5343872.16,19750488500,2806441839,32255065100,Financials,CA
FTT CN,Finning International Inc,,,,,,,,,,,,,,,,,,,,,,,--,,,,,,,,,,,,,,,,,,,,,,,,,-63924800,6256000000,-0.12,1.28,0.99,23.9,-8.07,66.82,1.5,-2185331.82,5333333300,105350432.9,6194333300,Industrials,CA
FTS CN,Fortis Inc/Canada,,,,,,,,,,,,,,,,,,,,,,,--,,,,,,,,,,,,,,,,,,,,,,,,,929400000,8301000000,0.13,2.32,-2.26,17.71,2.45,131.75,0.31,23861765.87,19347702100,5580420724,44455702100,Utilities,CA
TCL/A CN,Transcontinental Inc,0,,,,,,,,,,-1260.00061,-0.01127013,,,-0.074464003,-0.001406757,3.716282153,0.019003363,-0.074464003,-0.001406757,,,--,,,-0.009600313,0.253999152,,-9502.998352,-0.055041348,-0.016245072,0.87627551,,-5140.000916,-0.054449161,-37686.99951,-0.076625291,-16.34191093,-0.0701775,-15805.39551,-0.027646602,-5.045148003,-0.018639093,-4037.998962,-0.040957492,-1.523854469,-0.032645635,-20980000,2007200000,1,2.74,-0.84,10.86,-5.1,28.58,0.31,452243.21,2216350500,173401213.9,2317550500,Industrials,CA
G CN,Goldcorp Inc,-7800.000161,-0.2,-288300,-0.01801875,,,72.90000319,0.227102807,,,-53297.99805,-0.040460029,,,4.860540799,0.017194352,-5.987609077,-0.021922158,4.860540799,0.017194352,-0.029675806,-0.046121101,56.166,-12056879.69,-0.093743962,-3.92E-06,9.56E-05,,-28.51120234,-0.051320123,,,,,,-11468200,-0.064068156,-574.0774037,-0.014945255,-100414.0625,-0.020819963,45.46831644,0.043931923,-17552800,-0.063305803,-827.4905054,-0.013907403,-247400000,3423000000,-0.28,0.76,#N/A,29.38,3.17,19.25,1.88,#N/A,13900554400,-2844858438,17028546300,Materials,CA
GWO CN,Great-West Lifeco Inc,,,,,,,,,,,,,,,,,,,,,,,--,,,,,,,,,,,,,,,,,,,,,,,,,3304000000,47117000000,0.05,2.17,0.79,23.52,-0.7,22.62,0.45,-4477682.96,34720736500,1839866760,42595736500,Financials,CA
ENB CN,Enbridge Inc,11662159.63,3.139546482,,,-167.1020031,-0.056355707,,,,,2166463.965,0.372521167,,,27.86125571,0.118138987,-9.501392718,-0.023718683,27.86125571,0.118138987,,,--,,,,,,,,,,,,,,,,,6526580.078,0.449553992,94.75175675,0.160944645,,,,,3943600000,44378000000,0.18,1.66,-1.61,21.24,-11.55,93.38,2.41,15653527.62,82938168200,18619938345,167049168200,Energy,CA
IGM CN,IGM Financial Inc,,,,,,,,,,,-174.000001,-0.105072463,,,-0.080805306,-0.122241689,-10.77530391,-0.098370195,-0.080805306,-0.122241689,,,--,,,-0.009241515,0.416684371,-0.011017713,-222.8000641,-0.031837676,,,,,,,,,,-199.3999481,-0.013189572,-0.28349346,-0.046977349,-3.999999166,-0.045977003,-0.002564127,-0.073834627,110630200,3058336000,-0.1,2.5,-0.02,14.61,2.03,45.08,-0.1,-5653879.05,10623876300,-82743182.61,11982033300,Financials,CA
GC CN,Great Canadian Gaming Corp,,,,,,,,,,,,,,,,,,,,,,,--,,,,,,,,,,,,,,,,,,,,,,,,,41120000,614300000,0.35,1.38,-9.4,24.64,-10.86,102.64,1.86,14847677.57,2056749700,259381936.5,2222349700,Consumer Discretionary,CA
LNR CN,Linamar Corp,,,,,,,,,,,,,,,,,,,,,,,--,,,,,,,,,,,,,,,,,,,,,,,,,664904400,6546458000,1.23,8.41,-2.48,8.87,-5.31,41.89,-2.55,-9248818.24,4783665500,597723887.9,5648662500,Consumer Discretionary,CA
L CN,Loblaw Cos Ltd,,,,,,,,,,,-60227.95582,-0.054803715,,,-3.529518212,-0.101500775,,,-3.529518212,-0.101500775,,,--,,,,,,,,,,,,,,,,,,,,,,,,,2996600000,46587000000,0.31,3.82,-0.34,25.68,-2.32,90.81,1.04,124797.55,26479643700,3718848507,36323643700,Consumer Staples,CA
MX CN,Methanex Corp,,,,,,,,,442443.9941,0.171554417,,,,,93.28411158,0.080012603,,,,,,,--,,,-1.39E-05,0.000667771,,3839.14032,0.096861645,,0.344295992,,,,,,,,6865520.313,0.127676218,1527.34442,0.072220836,,,,,103595600,3060642000,0.87,3.64,-2.02,14.95,1.05,86.08,0.31,-6464232.2,6379358500,555620170.5,8096984400,Materials,CA
MRU CN,Metro Inc/CN,,,,,,,,,,,,,,,,,,,,,,,--,,,,,,,,,,,,,,,,,,,,,,,,,300080000,13175300000,0.19,2.59,-2.37,16.79,2.21,49.78,0.19,14200237.95,9771426300,799959001.1,11090926300,Consumer Staples,CA
NA CN,National Bank of Canada,,,,,,,,,,,,,,,0.08880072,0.084994974,,,,,,,--,,,,,,,,,,,,,,,,,,,,,,,,,371000000,8957000000,0.15,5.44,-0.23,11.48,-42.62,273.93,1.41,5998771.86,21377921000,#N/A,#VALUE!,Financials,CA
ONEX CN,Onex Corp,,,,,,,,,,,,,,,,,,,,,,,--,,,,,,,,,,,,,,,,,,,,,,,,,-430000000,22767000000,4.93,23.54,#N/A,#N/A N/A,49.05,437.65,0.73,897300.72,9382642500,2376539603,35138154500,Financials,CA
PAAS CN,Pan American Silver Corp,,,7707880.469,0.253743187,-35.51848084,-0.163492029,-121.1999893,-0.074401469,,,,,,,,,,,,,-0.06998153,-0.03364513,15.01,1137749.902,0.14601794,,,,,,8.33E-06,5.67E-05,,318.0000067,0.403553314,9326360.156,0.21599947,12690.23307,0.272920385,6247.399902,0.006331335,36.72788826,0.034563506,-2064020.313,-0.039507468,-987.2369028,-0.017547388,-22353200,816828000,0.05,0.79,3.85,34.64,-0.44,0.69,7.77,38247359,2999191300,29989357.36,2732638000,Materials,CA
ECA CN,Encana Corp,,,,,,,,,,,,,,,,,,,,,,,--,,,,,,,,,,,,,,,,,,,,,,,,,-231800000,4001000000,0.93,0.85,0.93,21.55,-16.28,63.56,7.17,-6271832.69,16317579600,-706087256.3,20773433500,Energy,CA
POW CN,Power Corp of Canada,,,,,,,,,,,,,,,,,,,,,,,--,,,,,,,,,,,,,,,,,,,,,,,,,3583800000,51362000000,0.2,2.77,-1.36,9.57,0.06,25.4,0.11,-4137486.87,15028550100,1540122280,41642550100,Financials,CA
PWF CN,Power Financial Corp,,,,,,,,,,,,,,,,,,,,,,,--,,,,,,,,,,,,,,,,,,,,,,,,,3410600000,49987000000,0.03,2.41,-0.14,14.35,0.26,46.43,0.48,-5582569.13,24657120900,1793020878,50741120900,Financials,CA
RCI/B CN,Rogers Communications Inc,,,,,,,,,,,-1021.200562,-0.006355413,,,-0.408355216,-0.031731762,-6.076315687,-0.036267075,-0.408355216,-0.031731762,,,--,,,,,,,,0.017285909,0.619945759,,305.3999424,0.087207291,-12164.59961,-0.035781391,-1.560212986,-0.057301583,35040.7959,0.036537137,0.425517411,0.005539891,309.6000671,0.047166371,0.007767982,0.014776207,376600000,14369000000,0.06,3.58,0.28,17.4,-14.47,213.97,-0.55,9840997.56,33010714900,2619422571,49049714900,Communication Services,CA
RY CN,Royal Bank of Canada,,,,,,,,,,,-7103.399658,-0.045212906,,,-0.341965802,-0.082985094,-9.731774967,-0.040469528,-0.341965802,-0.082985094,,,--,,,0.059500569,0.318840854,,37635.39925,2.699619775,,,,,,,,,,-3885.205078,-0.005946673,-0.913383117,-0.053300871,,,,,2461400000,50433000000,0.52,7.59,-1.18,13.57,-0.23,245.01,0.94,5069193.63,147038086300,#N/A,#VALUE!,Financials,CA
SJR/B CN,Shaw Communications Inc,,,,,,,,,,,,,,,,,,,,,,,--,,,,,,,,,,,,,,,,,,,,,,,,,-23200000,4882000000,0.02,1.72,0.8,21.17,-17.75,69.42,0.7,-1900967.93,13834734100,607259276.5,17628734100,Communication Services,CA
SU CN,Suncor Energy Inc,-390599.9899,-0.165088758,,,,,-217485.9985,-0.104235342,,,-122639.8438,-0.005884829,,,17.22326156,0.03149361,-4.907124601,-0.018471038,17.22326156,0.03149361,,,--,,,,,,,,-0.00346166,0.0323601,-0.133765957,-10844.00024,-0.086599586,-7712000,-0.053693518,-96.19190939,-0.025521027,1087779.688,0.013866888,113.3193518,0.055048679,-65412.01172,-0.025945615,0.500820703,0.007569958,-1230600000,31954000000,0.18,2.68,0.83,19.73,1.24,34.33,1.44,2184055.68,76011941900,4709230251,88918941900,Energy,CA
TECK/B CN,Teck Resources Ltd,328094.998,2.017494224,15968200,0.053863097,,,8948.200226,0.516073583,,,-34600,-0.010870248,,,-11.00311377,-0.03575407,0.599574039,0.002458875,-11.00311377,-0.03575407,-0.012155698,-0.133539556,59.814,-7517200,-0.035427408,,0.266953142,,,,-4.14E-06,3.83E-05,,-2674.60022,-0.055122529,-7687600,-0.02327171,-1485.907562,-0.046523871,-171879.8828,-0.01316724,-47.64172222,-0.037748847,19079400,0.023190354,-491.1741198,-0.006174825,313400000,11910000000,0.49,4.26,-1.77,7.65,-1.51,31.86,22.45,7288133.19,18969811700,628491047.4,24528811700,Materials,CA
TRI CN,Thomson Reuters Corp,,,,,,,,,,,,,,,,,,,,,,,--,,,,,,,,,,,,,,,,,,,,,,,,,-1567000000,5297000000,-0.1,2.14,16.61,85.66,2.09,51.76,1.43,3880739.03,38892112500,748900955.1,47360364500,Industrials,CA
FM CN,First Quantum Minerals Ltd,,,,,,,,,,,114837.9883,0.11173075,,,27.12499234,0.07786417,,,27.12499234,0.07786417,,,61,,,,0.370000346,0.174715561,228296.0205,0.188582449,,,,,,,,,,,,,,,,,,71920000,3310000000,-0.84,-0.46,#N/A,#N/A N/A,12.22,67.84,7.67,-6718811.67,12140058100,1757125990,20587014200,Materials,CA
TIH CN,Toromont Industries Ltd,,,,,,,,,,,,,,,,,,,,,,,--,,,,,,,,,,,,,,,,,,,,,,,,,168597800,2350162000,0.13,2.22,-2.21,27.53,9.22,79.64,0.57,27290435.29,4459115100,655175838.6,5194355100,Industrials,CA
TD CN,Toronto-Dominion Bank/The,,,,,,,,,,,-9288.400269,-0.041670518,,,-0.687710834,-0.093588725,5.2819691,0.026830339,-0.687710834,-0.093588725,,,--,,,,,,,,0.042951448,0.573717068,,1398.400116,0.183517078,-39171.99707,-0.026158786,-4.105453218,-0.083163483,-68385.99854,-0.060398321,-3.963115669,-0.106175448,848.1998444,0.039956652,-0.027102279,-0.038728119,2960000000,45134000000,0.42,5.51,-1.58,13.5,0.52,177.68,0.93,6642557.83,135611869800,#N/A,#VALUE!,Financials,CA
WFT CN,West Fraser Timber Co Ltd,,,,,,,,,,,,,,,,,,,,,,,53.195,,,,0.666512509,,,,,,,,,,,,,,,,,,,,,426800000,5134000000,1.35,7.63,-9.44,10.25,0.64,23.33,-3.74,-9083181.32,6044621200,671448921.2,6422621200,Materials,CA
WN CN,George Weston Ltd,,,,,,,,,,,,,,,,,,,,,,,--,,,,,,,,,,,,,,,,,,,,,,,,,3109400000,48289000000,0.46,5.65,-2.39,16.38,-2.25,90.98,0.92,5373442.17,13960890700,2805718755,31951890700,Consumer Staples,CA
WPK CN,Winpak Ltd,,,,,,,,,,,,,,,,,,,,,,,--,,,,,,,,,,,,,,,,,,,,,,,,,43339200,886774000,0.15,1.84,-2.17,22.44,-,-,0.14,7805315.84,3042000000,209204412.2,2707626800,Materials,CA
WJX CN,Wajax Corp,,,,,,,,,,,,,,,,,,,,,,,--,,,,,,,,,,,,,,,,,,,,,,,,,-29456600,1318731000,-0.51,1.4,1.56,18.88,-3.08,56.4,2.1,-8051476.43,494061600,-47478409.87,648963600,Industrials,CA
SJ CN,Stella-Jones Inc,,,,,,,,,,,,,,,,,,,,,,,--,,,,,,,,,,,,,,,,,,,,,,,,,233729600,1886142000,0.26,2.42,-3.49,20.87,-7.34,40.84,-1.58,3950135.76,3501454200,374614179.1,3950664200,Materials,CA
BBU-U CN,Brookfield Business Partners LP,,,,,,,,,,,,,,,,,,,,,,,--,,,,,,,,,,,,,,,,,,,,,,,,,#N/A,22823000000,#N/A,-1.04,#N/A,#N/A N/A,#N/A,53.84,#N/A N/A,23345697.87,5596587300,#N/A,10121339700,Industrials,CA
ELD CN,Eldorado Gold Corp,,,,,,,,,,,,,,,,,,,,,-0.019642449,-0.022619098,76,1812539.844,0.06470745,,,,,,,,,,,2757280.078,0.084349899,18050.56391,0.633669304,-62430.39551,-0.079652757,104.3907306,0.152839241,,,,,-151227000,391406000,-0.45,-0.05,21.39,97.78,1.3,16.04,4.01,-13205132.66,1445099400,-1196029364,1679596100,Materials,CA
CIGI CN,Colliers International Group Inc,,,,,,,,,,,,,,,,,,,,,,,--,,,,,,,,,,,,,,,,,,,,,,,,,32979200,2275362000,0.28,1.27,-37.46,30.69,-9.65,57.45,-3.91,14980688.2,2950299200,267665702.2,3314682100,Real Estate,CA
K CN,Kinross Gold Corp,-45890.40056,-0.168096704,917200,0.203867526,,,-503.9999843,-0.174033149,,,54800,0.044051447,,,34.15403624,0.118256978,-38.08160135,-0.141317949,34.15403624,0.118256978,0.012840979,0.005437333,82,-23022379.69,-0.136337621,,,,,,1.19E-06,5.22E-05,,235.4000092,0.019572628,-31555600,-0.1491786,-6567.206213,-0.133726001,2916521.973,0.631775454,948.1670017,0.884682534,-1436600,-0.005522878,3237.46368,0.053609236,-200860000,3303000000,0.51,0.36,6.66,32.87,2.2,37.51,2.52,24979658.06,6758761400,-732491059.9,7688765800,Materials,CA
AGT CN,AGT Food & Ingredients Inc,,,,,,,,,,,,,,,,,,,,,,,--,,,,,,,,,,,,,,,,,,,,,,,,,175992464.6,1735287000,-0.37,-1.53,#N/A,#N/A N/A,4.47,133.61,3.41,#N/A,602311000,99250044.33,1221167000,Consumer Staples,CA
NVU-U CN,Northview Apartment Real Estate Investme,,,,,,,,,,,,,,,,,,,,,,,--,,,,,,,,,,,,,,,,,,,,,,,,,34515400,330999000,0.23,3.8,0.15,13.94,17.12,153.14,-0.3,25921851.97,1393613900,364520595.4,3396257900,Real Estate,CA
PLI CN,ProMetic Life Sciences Inc,,,,,,,,,,,,,,,,,,,,,,,--,,,,,,,,,,,,,,,,,,,,,,,,,3158800,39115000,-11.82,-59.12,#N/A,#N/A N/A,-7.8,62.12,0.8,-13907653.81,923467500,149726932.1,1010841500,Health Care,CA
FCR CN,First Capital Realty Inc,,,,,,,,,,,-2822.599792,-0.073270511,,,-6.270852985,-0.094292972,-26.10047853,-0.089189347,-6.270852985,-0.094292972,,,--,,,,,,,,0.015392728,0.290841242,,746.0000515,0.288811486,40873.99902,0.030098674,-18.92176259,-0.008071135,3782.199097,0.028731598,-2.093336476,-0.009211434,1925.799942,0.15946013,2.08138686,0.099831258,23040000,694459000,0.1,2.59,-1.2,29.09,-2.55,91.47,1.05,3697160.59,5057326600,357440764.7,9389801600,Real Estate,CA
STN CN,Stantec Inc,,,,,,,,,,,2379.800129,0.058165913,,,-1.938206291,-0.073608353,,,-1.938206291,-0.073608353,,,--,,,,,,,,,,,,,,,,,,,,,,,,,323997200,3173800000,-0.1,0.85,-0.08,26.06,-0.44,38.94,0.05,1253149.75,4007028000,416830998.5,4510128000,Industrials,CA
CRT-U CN,CT Real Estate Investment Trust,,,,,,,,,,,,,,,,,,,,,,,--,,,,,,,,,,,,,,,,,,,,,,,,,#N/A,443303000,#N/A,0.64,#N/A,33.45,#N/A,88.94,1.42,8159155.35,3098593200,#N/A,7325327200,Real Estate,CA
CIX CN,CI Financial Corp,,,,,,,,,,,,,,,,,,,,,,,--,,,,,,,,,,,,,,,,,,,,,,,,,130710800,2111296000,0.17,2.08,-1.13,13.49,4.64,58.68,-0.18,-10524621.05,8230194300,114204452.6,9226209300,Financials,CA
YRI CN,Yamana Gold Inc,,,,,,,,,,,-14196.20361,-0.034970324,,,2.395709144,0.013790373,-7.334888649,-0.025509223,2.395709144,0.013790373,-0.029848408,-0.024178753,70.328,357520.3125,0.006425599,,,,,,-1.67E-06,2.59E-05,,-330.0299644,-0.08603156,2507259.375,0.036274007,3137.929812,0.106084999,-15310.00977,-0.010844242,27.21494127,0.045044898,-5513400,-0.049239095,-224.9413664,-0.004694338,-106592400,1803800000,-0.16,-0.2,#N/A,#N/A N/A,5.91,39.3,2.93,1117990.93,3717254300,-1372665936,5887807600,Materials,CA
WPM CN,Wheaton Precious Metals Corp,,,,,,,,,,,,,,,,,,,,,,,--,,,,,,,,,,,,,,,,,,,,,,,,,-1269000,843215000,-0.31,0.13,5.22,34.3,2.82,15.72,2.87,17988823.21,12293679900,-164466704,13134841600,Materials,CA
SW CN,Sierra Wireless Inc,,,,,,,,,,,,,,,,,,,,,,,--,,,,,,,,,,,,,,,,,,,,,,,,,58681200,690727000,-0.15,0.14,#N/A,38.69,-0.21,7.84,-1.16,-13590047.49,921606000,62809372.6,886071900,Information Technology,CA
LUN CN,Lundin Mining Corp,0,,,,,,604.0000141,2.637554622,,,,,,,,,,,,,,,--,,,,0.003617244,,,,-1.13E-05,0.000126163,0.44622982,1371.999979,0.396990724,,,,,,,,,12567539.45,0.663909418,2621.555342,0.099865783,271278200,2077497000,0.08,0.59,-1.29,12.97,2.11,10.84,2.53,1094733.68,6084572100,370589059.8,5185181100,Materials,CA
CHE-U CN,Chemtrade Logistics Income Fund,,,,,,,,,,,,,,,,,,,,,,,--,,,,,,,,,,,,,,,,,,,,,,,,,109954200,1469138000,0.15,1.67,-0.14,19.07,-2.9,112.02,0.54,-7178811.61,1828975700,342443333.5,3105366700,Materials,CA
MFI CN,Maple Leaf Foods Inc,,,,,,,,,,,,,,,,,,,,,,,--,,,,,,,,,,,,,,,,,,,,,,,,,-205920400,3522226000,0.13,1.28,-9.42,23.8,-26.25,0.45,-0.19,10189008.3,4560820500,183165276.3,4366643500,Consumer Staples,CA
WPRT CN,Westport Fuel Systems Inc,,,,,,,,,,,,,,,,,,,,,,,--,,,,,,,,,,,,,,,,,,,,,,,,,14841400,229833000,0.35,-0.08,#N/A,#N/A N/A,7.64,62.23,-14.56,20947150.17,616319900,-210554170.3,618338000,Industrials,CA
OTEX CN,Open Text Corp,,,,,,,,,,,,,,,,,,,,,,,--,,,,,,,,,,,,,,,,,,,,,,,,,216716800,2291057000,0.7,4.04,-2.62,40.88,4.43,72.73,1.3,13224160.04,10805069800,1604714647,13568802400,Information Technology,CA
CNR CN,Canadian National Railway Co,,,,,,,,,,,,,,,,,,,,,,,--,,,,,,,,,,,,,,,,,,,,,,,,,624200000,13041000000,0.84,7.28,-3.93,21.21,0.48,65.01,0.46,7582051.96,77275302300,7549086665,88033302300,Industrials,CA
AGF/B CN,AGF Management Ltd,,,,,,,,,,,,,,,,,,,,,,,--,,,,,,,,,,,,,,,,,,,,,,,,,-13297200,440253000,0.02,0.66,-0.18,15.34,-2.88,14.84,-0.23,-9369044.1,654316100,-29749012.24,764548100,Financials,CA
IMG CN,IAMGOLD Corp,0,,-1014698.047,-0.086150518,,,1226.421928,0.539084167,,,34585.19897,0.101528571,,,46.93588617,0.200257215,4.267670463,0.020843426,46.93588617,0.200257215,-0.030273664,-0.040914671,57.786,-2781399.609,-0.082288959,,0.002902411,,,,1.62E-05,8.70E-05,,1263.264084,0.393982072,-2420100,-0.052015295,-113.998525,-0.003561083,121568.0176,0.07307,185.9929203,0.162480535,-82371400,-0.157988477,-51740.40245,-0.144232763,-71700000,1094900000,0.04,1.08,12.65,114.08,-0.49,14.36,7.43,16179490.65,3414885800,-63825951.21,3004751900,Materials,CA
X CN,TMX Group Ltd,,,,,,,,,,,,,,,,,,,,,,,--,,,,,,,,,,,,,,,,,,,,,,,,,74880000,668900000,1.19,6.66,-3.48,17.75,-1.59,42.18,6.22,26641022.07,3900947800,185174038.9,5018447800,Financials,CA
MRE CN,Martinrea International Inc,,,,,,,,,,,,,,,,,,,,,,,--,,,,,,,,,,,,,,,,,,,,,,,,,157899000,3690499000,0.28,1.84,-1.11,8.51,-1.02,68.23,-5.76,-1208326.32,1389927500,142838970.9,1972751500,Consumer Discretionary,CA
TRQ CN,Turquoise Hill Resources Ltd,,,,,,,,,,,,,,,,,,,,,,,--,,,,,,,,,,,,,,,,,,,,,,,,,172343600,939780000,0.08,0.09,#N/A,38.68,4.12,51.86,1.68,-16657355.5,8632829100,244202673.5,10914152400,Materials,CA
SLF CN,Sun Life Financial Inc,,,,,,,,,,,,,,,,,,,,,,,--,,,,0.055906371,,,,,,,,,,,,,,,,,,,,,2355000000,29334000000,0.18,3.51,-2,12.59,-2.63,20.62,1.43,4265089.11,31715269200,2118706670,29818269200,Financials,CA
TCW CN,Trican Well Service Ltd,,,,,,,,,,,,,,,,,,,,,,,--,,,,,,,,,,,,,,,,,,,,,,,,,-256697600,929912000,-0.06,0.05,1.83,54.52,-8.42,9.08,36.93,-13992063.64,1404787700,-260274582.5,1498868700,Energy,CA
PGF CN,Pengrowth Energy Corp,,,,,,,,,,,,,,,,,,,,,,,--,,,,,,,,,,,,,,,,,,,,,,,,,-119000000,607800000,-0.25,-1.24,#N/A,#N/A N/A,7.56,79.97,8.31,-17814593.53,552246100,-570931111.6,1195846100,Energy,CA
CGG CN,CHINAGOLDINTL,,,,,,,,,,,,,,,,,,,,,,,--,,,,,,,,,,,,,,,,,,,,,,,,,15898800,411881000,0,0.16,0.15,11.75,13.77,84.43,-1.03,-5436893.36,931572300,93321171.64,2362485200,Materials,CA
CFW CN,Calfrac Well Services Ltd,,,,,,,,,,,,,,,,,,,,,,,--,,,,,,,,,,,,,,,,,,,,,,,,,-13502200,1527705000,-0.21,0.04,#N/A,#N/A N/A,24.06,176.94,5.11,-15385901.29,818020600,54543274.44,1712778600,Energy,CA
BLX CN,Boralex Inc,,,,,,,,,,,,,,,,,,,,,,,--,,,,,,,,,,,,,,,,,,,,,,,,,46941400,419000000,0.09,0.29,#N/A,78.41,32.52,381.21,0.9,53620466.26,1791820100,684080943.6,4499820100,Utilities,CA
BAM/A CN,Brookfield Asset Management Inc,,,,,,,,,,,,,,,,,,,,,,,--,,,,,,,,,,,,,,,,,,,,,,,,,4404000000,40786000000,0,1.37,-2.92,20.69,-0.21,102.73,-0.87,16476695.68,54130813300,15872422859,220402937000,Financials,CA
SAP CN,Saputo Inc,,,,,,,,,,,,,,,,,,,,,,,--,,,,,,,,,,,,,,,,,,,,,,,,,846446000,11162600000,0.18,1.86,-2.23,24.99,2.18,36.87,2.31,4115803.52,17743530700,1864679764,19086830700,Consumer Staples,CA
BB CN,BlackBerry Ltd,,,,,,,,,,,,,,,,,,,,,,,--,,,,,,,,,,,,,,,,,,,,,,,,,-3422800000,1309000000,-0.9,-2.3,#N/A,#N/A N/A,5.75,28.73,-0.78,-4994310.13,4895480700,-418562379,3850502100,Information Technology,CA
GIL CN,Gildan Activewear Inc,-1020.000037,-0.2,,,,,106.1719954,0.414734337,,,48854.40063,0.146043719,,,7.740997559,0.0450839,-4.374319366,-0.01596307,7.740997559,0.0450839,,,--,,,0.014000064,0.429999521,,109507.8003,0.249182085,-0.004809865,0.850467937,,5195.780182,0.14655817,1192280.078,0.090225818,37.65156269,0.005551124,214924.0234,0.176058999,41.56908901,0.066342087,6338.600159,0.156358073,1.090103564,0.052388995,160512600,2750816000,0.2,1.62,-7.05,18.84,3.6,30.71,-1.55,4983098.23,8901627700,550557466.9,9624692400,Consumer Discretionary,CA
CLS CN,Celestica Inc,,,,,,,,,,,,,,,,,,,,,,,--,,,,,,,,,,,,,,,,,,,,,,,,,-72900000,6142700000,0.04,0.74,-0.34,11.02,2.15,14.92,1.56,-10324381.81,1890460800,-893882.32,1501121600,Information Technology,CA
CRR-U CN,Crombie Real Estate Investment Trust,,,,,,,,,,,,,,,,,,,,,,,--,,,,,,,,,,,,,,,,,,,,,,,,,30389400,411813000,0.13,1.09,-3.61,12.86,2.37,163.53,0.59,8437447.09,1947129800,388998171.2,4913934800,Real Estate,CA
EMA CN,Emera Inc,,,,,,,,,,,,,,,,,,,,,,,--,,,,,,,,,,,,,,,,,,,,,,,,,833480000,6226000000,-0.1,1.25,-2.51,19.06,9.5,210.58,0.42,27799039.46,10703022100,3158959036,26188022100,Utilities,CA
MFC CN,Manulife Financial Corp,,,,,,,,,,,3600,0.025714286,,,-0.439481941,-0.088134964,-15.72976009,-0.046290437,-0.439481941,-0.088134964,,,--,,,,,,,,,0.50973935,,,,82600,0.064988198,-3.108718273,-0.068670633,38600,0.09368932,-0.79896868,-0.054446225,,,,,5714800000,56650000000,0.01,0.98,-2.15,11.49,-7.26,74.24,0.66,1027831.45,51959276600,5147112578,71803276600,Financials,CA
AC CN,Air Canada,,,,,,,,,,,,,,,,,,,,,,,--,,,,,,,,,,,,,,,,,,,,,,,,,827600000,16252000000,1.59,7.44,#N/A,5.96,#N/A,178.81,-2.89,49758880.35,7066715200,1305709054,9381715200,Industrials,CA
NFI CN,NFI Group Inc,,,,,,,,,,,,,,,,,,,,,,,--,,,,,,,,,,,,,,,,,,,,,,,,,303321600,2381858000,0.57,3.06,-10.71,16.31,4.98,89.42,1.03,24988749.21,3398257500,557558427.8,4258341300,Industrials,CA
CP CN,Canadian Pacific Railway Ltd,,,,,,,,,,,-111000,-0.031841652,,,-32.98161582,-0.053881326,0.820824426,0.003059137,-32.98161582,-0.053881326,,,--,,,,,,,,,,,,,,,,,-446600,-0.034375,-127.941293,-0.05608264,,,,,171800000,6554000000,2.73,16.49,-10.05,20,6.92,126.75,-0.33,2751784.15,33298505100,3248257197,41119505100,Industrials,CA
HSE CN,Husky Energy Inc,,,,,-384.4980001,-0.125422182,,,,,-55800,-0.004078947,,,21.28993056,0.034635044,-36.46158439,-0.093797157,21.28993056,0.034635044,,,--,,,,0,,,,,,,,,,,,,5945860.156,0.168956325,382.4550671,0.241862078,,,,,-734400000,18583000000,-0.25,0.75,1.23,21.04,2.05,30.28,0.62,-13349419.89,17840880200,-2355061109,21652880200,Energy,CA
EXE CN,Extendicare Inc,,,,,,,,,,,,,,,,,,,,,,,--,,,,,,,,,,,,,,,,,,,,,,,,,-188016400,1097331000,-0.14,0.02,0.86,28.88,-331.14,415.7,0.9,6594096.16,810331400,-116839154,1218243400,Health Care,CA
LIF CN,Labrador Iron Ore Royalty Corp,,,,,,,,,,,,,,,,,,,,,,,--,,,,,,,,,,,,,,,,,,,,,,,,,6881600.2,158252000,0.18,2.46,-1.32,11.06,-,-,3.13,9838709.68,1740800000,-148762915.8,1700302000,Materials,CA
NWC CN,North West Co Inc/The,,,,,,,,,,,,,,,,,,,,,,,--,,,,,,,,,,,,,,,,,,,,,,,,,69791400,1844093000,0.08,1.59,-1.29,18.45,0.07,62.34,-0.08,3792888.21,1420763500,91843176.98,1619786500,Consumer Staples,CA
CSU CN,Constellation Software Inc/Canada,,,,,,,,,,,,,,,,,,,,,,,--,,,,,,,,,,,,,,,,,,,,,,,,,317639000,2479421000,1.22,10.47,-36.99,51.3,7.59,55.1,-0.78,53158867.65,16148369700,2208985362,15952818200,Information Technology,CA
125300Z CN,Public Sector Pension Investment Board,,,,,,,,,,,,,,,,,,,,,,,--,,,,,,,,,,,,,,,,,,,,,,,,,#N/A,-,#N/A,#N/A N/A,#N/A,#N/A N/A,#N/A,7.97,#N/A N/A,#N/A,#VALUE!,#N/A,#VALUE!,#N/A N/A,CA
CSH-U CN,Chartwell Retirement Residences,,,,,,,,,,,,,,,,,,,,,,,--,,,,,,,,,,,,,,,,,,,,,,,,,-4932600,765594000,0.18,0.07,#N/A,163.26,-42.56,179.47,0.59,10643641.11,3422358000,162547521.4,5190532000,Health Care,CA
KEY CN,Keyera Corp,,,,,,,,,,,,,,,,,,,,,,,--,,,,,,,,,,,,,,,,,,,,,,,,,94217200,3413363000,0.14,1.53,-2.05,24.75,-3.89,72.42,1.09,946917.65,7229630300,654033950.4,8698779300,Energy,CA
GRT-U CN,Granite Real Estate Investment Trust,,,,,,,,,,,,,,,,,,,,,,,--,,,,,,,,,,,,,,,,,,,,,,,,,13136600,244683000,1.16,7.59,-3.79,15.89,#N/A,31.8,0.81,11514534.36,2315425500,#N/A,2927512500,Real Estate,CA
CTU CN,Le Chateau Inc,,,,,,,,,,,,,,,,,,,,,,,--,,,,,,,,,,,,,,,,,,,,,,,,,-15224000,226587000,-0.23,-1.24,#N/A,#N/A N/A,67.68,370.16,1.07,-17875000.05,5393500,5500310.28,93447500,Consumer Discretionary,CA
CPG CN,Crescent Point Energy Corp,,,,,,,,,,,,,,,,,,,,,,,--,,,,,,,,,,,,,,,,,,,,,,,,,150147200,2959900000,-0.16,-0.23,-6.13,34,5.54,44.87,3.86,-16235136.29,5228710200,-1499940192,9277310200,Energy,CA
CGX CN,Cineplex Inc,,,,,,,,,,,,,,,,,,,,,,,--,,,,,,,,,,,,,,,,,,,,,,,,,92513200,1555067000,-0.17,1.11,1.72,35.24,11.84,82.08,2.36,-8499305.71,2365592600,69180684.24,2906813600,Communication Services,CA
CG CN,Centerra Gold Inc,,,,,,,263.3000115,1.012692349,,,14586.00397,0.030196203,,,-53.47583451,-0.073147959,-15.56214301,-0.049859989,-53.47583451,-0.073147959,,,47.056,,,,,,,,,,,-1294.829568,-0.1770344,,,,,165042.2894,0.106642049,-72.66132664,-0.031021671,,,,,107658200,1199028000,0.27,0.72,#N/A,4.69,1.79,14.42,-0.07,28409973.47,1879076600,-6780886.13,1724044900,Materials,CA
IFC CN,Intact Financial Corp,,,,,,,,,,,,,,,,,,,,,,,--,,,,,,,,,,,,,,,,,,,,,,,,,450200000,9325000000,0.31,5.75,-0.87,17.92,1.33,30.03,0.28,11780243.24,14613414700,1372908618,17474414700,Financials,CA
AIM CN,Aimia Inc,,,,,,,,,,,,,,,,,,,,,,,--,,,,,,,,,,,,,,,,,,,,,,,,,-403363600,232100000,-0.56,-1.89,#N/A,#N/A N/A,#N/A,#N/A N/A,3.37,-17067510.62,569628900,-503786963.8,463828900,Communication Services,CA
WSP CN,WSP Global Inc,,,,,,,,,,,,,,,,,,,,,,,--,,,,0.009484022,,,,,0.258141113,,,,,,,,,,,,,,,,1136940000,6942200000,0.19,2.08,-4.18,25.13,2.81,39.16,-1.35,30373891.57,6179804100,1162038881,7153404100,Industrials,CA
DSG CN,Descartes Systems Group Inc/The,,,,,,,,,,,,,,,,,,,,,,,--,,,,,,,,,,,,,,,,,,,,,,,,,17957800,203779000,0.02,0.31,-12.13,63.49,-,-,0.48,39566062.76,2154008900,228211189.8,2104288500,Information Technology,CA
DGC CN,Detour Gold Corp,,,,,,,,,,,,,,,,,,,,,,,--,,,,,,,,,,,,,,,,,,,,,,,,,141560000,707800000,0.17,0.5,#N/A,23.71,-3.77,13.68,3.01,35111836.39,2583969000,-163964185.1,2751079100,Materials,CA
AD CN,Alaris Royalty Corp,,,,,,,,,,,,,,,,,,,,,,,--,,,,,,,,,,,,,,,,,,,,,,,,,10915617.2,86684000,-0.11,0.33,1.8,33.84,2.15,28.69,1.24,-6987128.2,753529500,14140193.5,891518500,Financials,CA
LULU US,Lululemon Athletica Inc,,,,,,,,,,,,,,,,,,,,,,,--,,,,,,,,,,,,,,,,,,,,,,,,,268710600,2344392000,0.18,2.21,-10.53,31.16,-,-,2.33,40130526.23,9159696300,-460061559,8424850300,Consumer Discretionary,CA
FNV CN,Franco-Nevada Corp,,,,,,,,,,,,,,,,,,,,,,,--,,,,,,,,,,,,,,,,,,,,,,,,,49600000,675000000,0.07,1.06,0.08,73.9,-,-,0.43,32075363.93,18658208000,1310536663,18017953000,Materials,CA
INE CN,Innergex Renewable Energy Inc,,,,,,,,,,,,,,,,,,,,,,,--,,,,,,,,,,,,,,,,,,,,,,,,,44721600,400263000,0.05,0.22,-47.77,59.03,105.29,716.92,1.56,15479462.54,1563956400,524999619,4897539400,Utilities,CA
DOO CN,BRP Inc,,,,,,,,,,,,,,,,,,,,,,,--,,,,,,,,,0.854205431,,,,,,,,,,,,,,,,303620000,4171500000,0.29,2.28,-8.76,7.27,#N/A,#N/A N/A,2.3,6649246.87,2934265600,#N/A,3592165600,Consumer Discretionary,CA
SES CN,Secure Energy Services Inc,,,,,,,,,,,,,,,,,,,,,,,--,,,,,,,,,,,,,,,,,,,,,,,,,259753600,2328208000,-0.11,-0.21,#N/A,#N/A N/A,1.6,35.4,4.12,-9726520.12,1430949400,93798621.01,1730790400,Energy,CA
CVE CN,Cenovus Energy Inc,0,,,,252.0060062,0.366037742,-49341.79878,-0.183951951,,,743186.0352,0.129541048,,,45.2333664,0.135438262,-3.928263518,-0.014460928,45.2333664,0.135438262,,,--,,,,,,,,,,,,,,,,,3278300.391,0.155225499,198.6584231,0.161582343,-33538.39111,-0.039626627,-1.811002807,-0.036756707,-60400000,16876000000,0.35,3.05,0.71,10.12,-0.83,47.61,3.79,-4750631.72,14105446500,-1654336887,23008446500,Energy,CA
DOL CN,Dollarama Inc,,,,,,,,,,,,,,,,,,,,,,,--,,,,,,,,,,,,,,,,,,,,,,,,,272078400,2963219000,0.17,1.25,-17.8,26.8,258.91,1324.98,1.27,19882869.08,11668428800,1956929127,12935157800,Consumer Discretionary,CA
RFP US,Resolute Forest Products Inc,,,,,,,,,,,,,,,,,,,,,,,--,,,,,,,,,,,,,,,,,,,,,,,,,-198000000,3513000000,-0.19,-0.93,3.05,42.16,6.44,49.31,9.5,-14529767.26,992272400,-21355916.55,1776272400,Materials,CA
MG CN,Magna International Inc,,,,,,,,,,,,,,,,,,,,,,,--,,,,,,,,,,,,,,,,,,,,,,,,,1150200000,36588000000,0.57,5.91,-1.7,9.59,5.17,30.41,-0.73,-3986439.26,25599321100,2313236303,29780833700,Consumer Discretionary,CA
OSB CN,Norbord Inc,,,,,,,,,,,,,,,,,,,,,,,--,,,,,,,,,,,,,,,,,,,,,,,,,205600000,2177000000,0.69,5.06,-1.81,7.57,-11.74,53.78,0.35,13920449.88,3676201300,379409658,4060780200,Materials,CA
NG CN,Novagold Resources Inc,,,,,,,,,,,,,,,,,,,,,,,--,,,,,,,,,,,,,,,,,,,,,,,,,-,-,-0.01,-0.12,#N/A,#N/A N/A,0.4,31.7,1.64,35135803.4,1608850700,27806962.03,1616702300,Materials,CA
SCL CN,ShawCor Ltd,,,,,,,,,,,,,,,,,,,,,,,--,,,,,,,,,,,,,,,,,,,,,,,,,19262400,1565499000,-0.3,1.02,1.59,23.31,4.47,24.71,3.31,-10581341.16,1917643100,-142979874.4,1892552100,Energy,CA
SNC CN,SNC-Lavalin Group Inc,,,,,,,,,,,,,,,,,,,,,,,--,,,,,,,,,,,,,,,,,,,,,,,,,248751600,9334718000,0.06,2.35,0.07,28.65,-15.27,60,2.76,-10774819.99,10010983100,804097637.9,12436223100,Industrials,CA
UNS CN,Uni-Select Inc,,,,,,,,,,,,,,,,,,,,,,,--,,,,,,,,,,,,,,,,,,,,,,,,,-69863800,1448272000,0.08,1.06,-0.19,18.81,2.98,88.94,-0.26,-5817336,1200999000,77886537.66,1739663800,Consumer Discretionary,CA
WTE CN,Westshore Terminals Investment Corp,,,,,,,,,,,,,,,,,,,,,,,--,,,,,,,,,,,,,,,,,,,,,,,,,17867200,330031000,0.13,1.51,-1.99,17.41,-1.38,-,7.34,-7389948.86,1871388900,-118271702.3,1802870900,Industrials,CA
GSC CN,Golden Star Resources Ltd,,,,,,,,,,,,,,,,,,,,,,,--,,,,,,,,,,,,,,,,,,,,,,,,,-47008600,315497000,0.07,0.5,#N/A,8.86,#N/A,#N/A N/A,19.14,122308668.9,422445000,-27811506.96,424691100,Materials,CA
GOOS CN,Canada Goose Holdings Inc,,,,,,,,,,,,,,,,,,,,,,,--,,,,,,,,,,,,,,,,,,,,,,,,,#N/A,403777000,#N/A,0.22,#N/A,52.49,#N/A,99.95,#N/A N/A,9831135.03,2318425900,#N/A,2454836900,Consumer Discretionary,CA
RBA CN,Ritchie Bros Auctioneers Inc,,,,,,,,,,,,,,,,,,,,,,,--,,,,,,,,,,,,,,,,,,,,,,,,,106647200,971191000,-0.01,0.7,-2.28,29.41,14.44,108.78,3.47,11677926.35,4034534900,343833985.3,4732375200,Industrials,CA
JE CN,Just Energy Group Inc,,,,,,,,,,,,,,,,,,,,,,,--,,,,,,,,,,,,,,,,,,,,,,,,,220455200,3757054000,0.79,3.02,#N/A,8.65,#N/A,#N/A N/A,-1.33,-5200414.1,1228014800,-124750943.9,1642471800,Utilities,CA
HMM/A CN,Hammond Manufacturing Co Ltd,,,,,,,,,,,,,,,,,,,,,,,--,,,,,,,,,,,,,,,,,,,,,-17807.57546,-0.199808975,-192.7211234,-0.199861423,6996200,127406000,0.05,0.4,-1.69,5.69,0.93,48.44,-1.03,-384614.96,25502200,4046934.44,47003200,Industrials,CA
CF CN,Canaccord Genuity Group Inc,,,,,,,,,,,,,,,,,,,,,,,--,,,,,,,,,,,,,,,,,,,,,,,,,54936400,879546000,0.12,0.29,-5.13,18.39,-3.95,94.63,-0.23,-4340217.33,574034500,11269890.77,64498500,Financials,CA
IFP CN,Interfor Corp,,,,,,,,,,,,,,,,,,,,,,,--,,,,,,,,,,,,,,,,,,,,,,,,,228182000,1990106000,0.31,1.39,#N/A,14.24,-1.31,29.37,-1.61,-9963020.05,1479043200,213327325.5,1598343200,Materials,CA
ATA CN,ATS Automation Tooling Systems Inc,,,,,,,,,,,,,,,,,,,,,,,--,,,,,,,,,,,,,,,,,,,,,,,,,83108400,1010904000,0.21,0.38,1.65,34.01,9.43,47.91,0.4,5982790.76,1256128900,101665405.3,1298358900,Industrials,CA
SPB CN,Superior Plus Corp,,,,,,,,,,,,,,,,,,,,,,,--,,,,,,,,,,,,,,,,,,,,,,,,,-247860000,2385000000,-0.2,-0.2,66.87,318.41,-32.13,135.67,1.81,10219856.57,1695544300,72412960.66,2716544300,Utilities,CA
LB CN,Laurentian Bank of Canada,,,,,,,,,,,,,,,,,,,,,,,--,,,,,,,,,,,,,,,,,,,,,,,,,34577200,1613865000,0.08,5.4,-0.31,9.98,10.41,576,1.15,6442916.4,2330802600,#N/A,#VALUE!,Financials,CA
ARE CN,Aecon Group Inc,,,,,,,,,,,,,,,,,,,,,,,--,,,,,,,,,,,,,,,,,,,,,,,,,-16275600,2805728000,-0.2,0.48,2.56,30.3,0.5,89.29,-1.51,18573730.07,1174446400,92729987.29,1544541400,Industrials,CA
SIA CN,Sienna Senior Living Inc,,,,,,,,,,,,,,,,,,,,,,,--,,,,,,,,,,,,,,,,,,,,,,,,,47681400,557690000,0.16,0.45,#N/A,31.7,0.89,212.74,-0.29,31965293.85,966157800,222589729.8,1790267800,Health Care,CA
CSIQ US,Canadian Solar Inc,,,,,,,,,,,,,,,,,,,,,,,--,,,,,,,,,,,,,,,,,,,,,,,,,419112717.4,3390393000,1.25,1.71,#N/A,9.96,-17.48,288.85,6.83,-429913.89,977933700,435892291.8,3505006700,Information Technology,CA
KML CN,Kinder Morgan Canada Ltd,,,,,,,,,,,,,,,,,,,,,,,--,,,,,,,,,,,,,,,,,,,,,,,,,#N/A,358900000,#N/A,3,#N/A,54.87,#N/A,-,#N/A N/A,-15645408.3,5875577000,#N/A,8473777000,Energy,CA
WCP CN,Whitecap Resources Inc,,,,,,,,,,,,,,,,,,,,,,,--,,,,,,,,,,,,,,,,,,,,,,,,,111735800,842209000,-0.16,-0.33,2.51,49.67,0.88,38.53,3.85,-8833429.61,3742279900,579846277.5,5026511900,Energy,CA
LNF CN,Leon's Furniture Ltd,,,,,,,,,,,,,,,,,,,,,,,--,,,,,,,,,,,,,,,,,,,,,,,,,306010600,2212216000,0.13,1.32,87.81,558.53,6.55,32.74,1.86,-1341293.17,1405226800,165175555,1608315800,Consumer Discretionary,CA
EDR CN,Endeavour Silver Corp,,,,,,,,,,,,,,,,,,,,,,,93.871,,,,,,,,,,,,,,,,,,,,,,,,,-11516000,150499000,-0.07,0.08,5.67,31.88,-0.53,-,10.57,15060860.04,385015000,-60436972.13,336854900,Materials,CA
BPF-U CN,Boston Pizza Royalties Income Fund,,,,,,,,,,,,,,,,,,,,,,,--,,,,,,,,,,,,,,,,,,,,,,,,,3085200,44684000,0.23,1.3,-21.67,18.96,2.24,29.34,2.09,472363.53,446090500,31750668.41,529550500,Consumer Discretionary,CA
ERF CN,Enerplus Corp,,,,,,,,,,,7588.40332,0.008928647,,,43.70126566,0.05930405,36.61472859,0.290858456,43.70126566,0.05930405,,,89,,,,,,,,,0.000629426,,,,-3154060.156,-0.066703043,-1417.052483,-0.03456342,-775542.041,-0.114872141,-552.2837963,-0.094346711,,,,,-44812000,929274000,0.47,0.98,0.94,17.32,-2.56,42,10.3,-3001665.53,2980607300,42774942.28,3306438300,Energy,CA
CHW CN,Chesswood Group Ltd,,,,,,,,,,,,,,,,,,,,,,,--,,,,,,,,,,,,,,,,,,,,,,,,,1745600,95324000,0.12,1.41,-1.08,7.97,37.91,268.11,1.36,2911048.26,191062100,90732124.05,632897100,Financials,CA
WJA CN,WestJet Airlines Ltd,,,,,,,,,,,,,,,,,,,,,,,--,,,,,,,,,,,,,,,,,,,,,,,,,215849200,4506655000,0.12,2.4,-0.83,11.27,8.1,90.71,0.26,-708265.65,3038908600,266828571.7,3714789600,Industrials,CA
DHX CN,DHX Media Ltd,,,,,,,,,,,,,,,,,,,,,,,--,,,,,,,,,,,,,,,,,,,,,,,,,45213000,298712000,-0.02,-0.03,-4.3,36.41,45.15,236.46,0.4,-16230782.14,768883900,348852032.1,1776631900,Communication Services,CA
QBR/B CN,Quebecor Inc,,,,,,,,,,,,,,,,,,,,,,,--,,,,,,,,,,,,,,,,,,,,,,,,,-24760000,4125100000,0.2,1.61,-1.16,18.88,44.58,456.32,-0.65,19549550.72,5670910600,851579214.5,11776010600,Communication Services,CA
CAE CN,CAE Inc,,,,,,,,,,,,,,,,,,,,,,,--,,,,,,,,,,,,,,,,,,,,,,,,,176660000,2704500000,0.05,0.94,-3.19,20.14,-3.29,62.39,0.93,27645230.29,5452940300,700368292.9,6263840300,Industrials,CA
CWB CN,Canadian Western Bank,,,,,,,,,,,,,,,,,,,,,,,--,,,,,,,,,,,,,,,,,,,,,,,,,59429600,1111529000,0.04,2.43,-0.34,14.13,-3.8,12.52,0.86,-228696.47,3211044200,#N/A,#VALUE!,Financials,CA
ELF CN,E-L Financial Corp Ltd,,,,,,,,,,,,,,,,,,,,,,,--,,,,,,,,,,,,,,,,,,,,,,,,,151228600,2336738000,9.55,166.17,17.66,106.37,1.41,12.15,-0.32,1369731.88,3275054600,445157302.5,5009264600,Financials,CA
ESI CN,Ensign Energy Services Inc,,,,,,,,,,,,,,,,,,,,,,,--,,,,,,,,,,,,,,,,,,,,,,,,,-239334200,1000650000,-0.33,-0.24,0.99,14.15,3.07,43.8,3.71,-13201212.81,1016272800,-275436254.9,1723831800,Energy,CA
RUS CN,Russel Metals Inc,,,,,,,,,,,,,,,,,,,,,,,--,,,,,,,,,,,,,,,,,,,,,,,,,59180000,3296000000,0.07,2,-0.44,14.75,0.86,60.99,2.96,-5403337.49,1802656200,34282590.87,2181156200,Industrials,CA
HCG CN,Home Capital Group Inc,,,,,,,,,,,,,,,,,,,,,,,--,,,,,,,,,,,,,,,,,,,,,,,,,-16013000,807620000,-0.62,0.1,12.63,49.16,-119.6,175.23,3.89,-11209477.59,1389064300,#N/A,#VALUE!,Financials,CA
NKO CN,Niko Resources Ltd,,,,,,,,,,,,,,,,,,,,,,,--,,,,,,,,,,,,,,,,,,,,,,,,,-55385200,44385000,1.81,2.81,#N/A,#N/A N/A,#N/A,#N/A N/A,3.03,#N/A,7836300,-137248921.1,267576000,Energy,CA
POU CN,Paramount Resources Ltd,,,,,,,,,,,,,,,,,,,,,,,--,,,,,,,,,,,,,,,,,,,,,,,,,61536400,466772000,0.73,2.93,#N/A,#N/A N/A,-11.22,26.32,10.83,-14345202.73,2622681900,-213332851.4,3201102900,Energy,CA
RET/A CN,Reitmans Canada Ltd,,,,,,,,,,,,,,,,,,,,,,,--,,,,,,,,,,,,,,,,,,,,,,,,,-13481600,951989000,-0.11,0.17,6.22,75.37,-0.32,0.44,2.02,-12812601.34,380460100,-115240155.3,207086100,Consumer Discretionary,CA
SSRM CN,SSR Mining Inc,,,,,,,,,,,,,,,,,,,,,,,--,,,,,,,,,,,,,,,,,,,,,,,,,41530600,448773000,-0.02,0.58,-13.5,20.92,1.97,22.77,4.72,91875609.47,1326632000,22537068.11,928721900,Materials,CA
CCA CN,Cogeco Communications Inc,0,,,,,,,,,,6133.199884,0.430581276,,,1.803863485,0.161807968,29.95692238,0.708143444,1.803863485,0.161807968,,,--,,,,,,,,,,,,,,,,,-20582.20201,-0.061127385,-31.7075549,-0.120319203,,,,,189830600,2226851000,0.29,6.08,-2.56,15.29,14.11,158.77,-0.92,9331184.05,4623798500,846290256.6,6938847500,Communication Services,CA
TXP CN,Touchstone Exploration Inc,,,,,,,,,,,,,,,,,,,,,,,--,,,,,,,,,,,,,,,,,,,,,,,,,4607600,23038000,0.49,-0.01,#N/A,#N/A N/A,7.62,38.3,-3.06,11322261.98,29007300,12756363.05,29719300,Energy,CA
CS CN,Capstone Mining Corp,,,,,,,,,,,,,,,,,,,,,,,--,,,,,,,,,,,,,,,,,,,,,,,,,24991200,430471000,0,0.14,0.62,17.01,6.1,30.49,10.33,-14847552.77,573581200,30327447.02,906615300,Materials,CA
PSI CN,Pason Systems Inc,,,,,,,,,,,,,,,,,,,,,,,--,,,,,,,,,,,,,,,,,,,,,,,,,-28174200,245643000,-0.04,0.3,7.69,60.63,-,-,0.84,-4304504.9,1546037900,438274.12,1391908900,Energy,CA
GMP CN,GMP Capital Inc,,,,,,,,,,,,,,,,,,,,,,,--,,,,,,,,,,,,,,,,,,,,,,,,,-22552600,154640000,-0.14,-0.74,-0.07,26.29,3.6,46.54,1.2,-11711746.61,274014700,-93273675.24,-119249300,Financials,CA
HBM CN,Hudbay Minerals Inc,0,,1302800,0.066175649,49.31219434,1450358.689,-163.8999939,-0.059319578,,,92924.00513,1.22220185,,,55.47816683,0.513004449,33.75716562,0.517257643,55.47816683,0.513004449,,,68.98,,,,,,,,,,,,,,,,,229000,0.196566524,-1.965223102,-0.00118596,,,,,139858512.1,1402339000,0.14,0.57,-12.95,15.41,4.28,50.38,0.32,-10053900.62,2907948300,401214009.6,3794420200,Materials,CA
DML CN,Denison Mines Corp,,,,,,,,,,,,,,,,,,,,,,,--,,,,,,,,,,,,,,,,,,,,,,,,,989093.9,16067000,0.05,-0.04,#N/A,#N/A N/A,-0.02,-,0.42,-7919617.35,385768200,-37265608.8,344325200,Energy,CA
HR-U CN,H&R Real Estate Investment Trust,,,,,,,,,,,,,,,,,,,,,,,--,,,,,,,,,,,,,,,,,,,,,,,,,73859000,1168454000,-0.09,2.31,-1.25,9.15,-4.19,90.44,1.27,1888110.13,6218942300,559350084.2,12670275300,Real Estate,CA
CJR/B CN,Corus Entertainment Inc,,,,,,,,,,,,,,,,,,,,,,,--,,,,,,,,,,,,,,,,,,,,,,,,,167346400,1679008000,-0.17,0.95,0.36,12.61,6.97,80.46,0.6,-9121245.37,2831932900,472553463.5,4988639900,Communication Services,CA
BIR CN,Birchcliff Energy Ltd,,,,,,,,,,,,,,,,,,,,,,,--,,,,,,,,,,,,,,,,,,,,,,,,,64251000,554268000,-0.05,-0.19,-6.28,14.93,-5.12,34.62,11.08,-9544139.52,1169483500,-53258889.7,1797995500,Energy,CA
TDG CN,Trinidad Drilling Ltd,,,,,,,,,,,,,,,,,,,,,,,--,,,,,,,,,,,,,,,,,,,,,,,,,-71542400,501615000,-0.15,-0.3,#N/A,#N/A N/A,-3.7,40.5,6.53,#N/A,464878500,-64240436.53,972604500,Energy,CA
TOY CN,Spin Master Corp,,,,,,,,,,,,,,,,,,,,,,,--,,,,,,,,,,,,,,,,,,,,,,,,,226726200,1551324000,#N/A,1.58,#N/A,25.55,#N/A,0.11,-0.86,18942119.76,5823740700,#N/A,5677511800,Consumer Discretionary,CA
KL CN,Kirkland Lake Gold Ltd,,,,,,,,,,,,,,,,,,,,,,,--,,,,,,,,,,,,,,,,,,,,,,,,,#N/A,747495000,#N/A,0.64,#N/A,20.43,#N/A,3.33,-1.26,16620355484,3988455900,#N/A,3746658500,Materials,CA
NVA CN,NuVista Energy Ltd,,,,,,,,,,,,,,,,,,,,,,,--,,,,,,,,,,,,,,,,,,,,,,,,,31353600,370661000,0.49,0.54,#N/A,18.64,3.87,22.4,3.52,-11126662.89,1394917100,159597672.8,1588322100,Energy,CA
ELR CN,Eastern Platinum Ltd,,,,,,,,,,,,,,,,,,,,,,,--,,,,,,,,,,,,,,,,,,,,,,,,,-20486600,-,0.2,-0.08,#N/A,#N/A N/A,-,-,-0.98,-16524821.14,30570900,-12091785.34,-56960300,Materials,CA
FVI CN,Fortuna Silver Mines Inc,,,,,,,,,,,,,,,,,,,,,,,--,,,,,,,,,,,,,,,,,,,,,,,,,21418200,268111000,0.03,0.42,-0.38,16.9,1.24,7.24,9.49,6753067.31,1047218600,17283464.13,831312000,Materials,CA
NPI CN,Northland Power Inc,,,,,,,,,,,,,,,,,,,,,,,--,,,,,,,,,,,,,,,,,,,,,,,,,202914800,1376256000,0.21,0.85,#N/A,36.65,64.52,507,1.77,20541366.72,4068795700,1705812137,11832702700,Utilities,CA
MAL CN,Magellan Aerospace Corp,,,,,,,,,,,,,,,,,,,,,,,--,,,,,,,,,,,,,,,,,,,,,,,,,50284200,955461000,0.18,1.88,-1.63,13.52,-12.19,12.43,0.03,4467457.55,1222971100,160957552.3,1269479100,Industrials,CA
PMT CN,Perpetual Energy Inc,,,,,,,,,,,,,,,,,,,,,,,--,,,,,,,,,,,,,,,,,,,,,,,,,-18945200,75514000,1.01,-0.62,#N/A,#N/A N/A,-73.65,66.58,11.33,-18357775.77,65663500,-80602988.37,134172500,Energy,CA
NXE CN,NexGen Energy Ltd,,,,,,,,,,,,,,,,,,,,,,,--,,,,,,,,,,,,,,,,,,,,,,,,,#N/A,-,#N/A,-0.17,#N/A,#N/A N/A,#N/A,115.6,11.13,162025093.3,1088744300,#N/A,1107297600,Energy,CA
SHOP CN,Shopify Inc,,,,,,,,,,,,,,,,,,,,,,,--,,,,,,,,,,,,,,,,,,,,,,,,,129918200,673304000,-0.08,-0.42,#N/A,#N/A N/A,#N/A,-,-3.05,377638204.4,12698225600,#N/A,11523144100,Information Technology,CA
HYQU CN,Hydro-Quebec,,,,,,,,,,,,,,,,,,,,,,,--,,,,,,,,,,,,,,,,,,,,,,,,,266400000,13468000000,#N/A,#N/A N/A,#N/A,#N/A N/A,-0.05,229.14,#N/A N/A,#N/A,#VALUE!,#N/A,#VALUE!,#N/A N/A,CA
WEED CN,Canopy Growth Corp,,,,,,,,,,,,,,,,,,,,,,,--,,,,,,,,,,,,,,,,,,,,,,,,,#N/A,39895000,#N/A,-0.06,#N/A,#N/A N/A,#N/A,1.61,8.4,3541954012,1722395700,#N/A,1630893700,Health Care,CA
MDI CN,Major Drilling Group International Inc,,,,,,,,,,,,,,,,,,,,,,,--,,,,,,,,,,,,,,,,,,,,,,,,,-99368800,300588000,-0.34,-0.52,#N/A,#N/A N/A,-1.71,1.91,2.58,-3012568.69,606658900,-69917737.12,588518900,Materials,CA
CNE CN,Canacol Energy Ltd,,,,,,,,,,,,,,,,,,,,,,,--,,,,,,,,,,,,,,,,,,,,,,,,,-5199200,158908000,-0.23,-0.85,#N/A,#N/A N/A,20.97,123.19,4.24,44082338.65,790015900,110223226.1,1089285900,Energy,CA
SRU-U CN,SmartCentres Real Estate Investment Trus,,,,,,,,,,,,,,,,,,,,,,,--,,,,,,,,,,,,,,,,,,,,,,,,,40241200,747248000,-1.04,1.89,1.8,16.26,2.99,87.64,0.99,8593913.25,4786947700,477879089,9688405700,Real Estate,CA
ATH CN,Athabasca Oil Corp,,,,,,,,,,,,,,,,,,,,,,,--,,,,,,,,,,,,,,,,,,,,,,,,,149492800,772019000,-0.21,-0.42,#N/A,#N/A N/A,3.94,34.99,5.08,-13970949.95,545465100,-441621545.5,915652100,Energy,CA
BLDP CN,Ballard Power Systems Inc,,,,,,,,,,,,,,,,,,,,,,,--,,,,,,,,,,,,,,,,,,,,,,,,,15519600,121288000,0.09,-0.05,#N/A,#N/A N/A,-6.92,5.74,-8.22,69612092.76,987920300,92365287.03,921058700,Industrials,CA
FSV CN,FirstService Corp,,,,,,,,,,,,,,,,,,,,,,,--,,,,,,,,,,,,,,,,,,,,,,,,,#N/A,1729031000,#N/A,1.43,#N/A,48.3,#N/A,86.98,-1.06,36749326.2,3156789600,#N/A,3570363500,Real Estate,CA
PBH CN,Premium Brands Holdings Corp,,,,,,,,,,,,,,,,,,,,,,,--,,,,,,,,,,,,,,,,,,,,,,,,,247634200,2198300000,0.39,2.7,-13.6,36.37,-1.61,131.42,2.13,108438989.1,3104432000,679823262.6,3743432000,Consumer Staples,CA
BTE CN,Baytex Energy Corp,,,,,,,,,,,,,,,,,,,,,,,--,,,,,,,,,,,,,,,,,,,,,,,,,-37620800,865591000,-0.36,0.37,0.74,11.91,9.03,88.06,5.5,-13701609.01,887649900,-694584080.1,2573971900,Energy,CA
ITP CN,Intertape Polymer Group Inc,,,,,,,,,,,,,,,,,,,,,,,--,,,,,,,,,,,,,,,,,,,,,,,,,22739200,898126000,0.15,1.09,-2.66,14.14,2.27,109.71,3.2,-345649.95,1265153000,111828413.4,1612099600,Materials,CA
AQN CN,Algonquin Power & Utilities Corp,,,,,,,,,,,,,,,,,,,,,,,--,,,,,,,,,,,,,,,,,,,,,,,,,235133506.7,1524724800,0.06,0.37,-17.04,21.32,7.32,91.64,-0.77,53363257.87,6068597900,1061802178,10900501900,Utilities,CA
BDI CN,Black Diamond Group Ltd,,,,,,,,,,,,,,,,,,,,,,,--,,,,,,,,,,,,,,,,,,,,,,,,,-22179400,153377000,-0.6,-1.81,#N/A,#N/A N/A,4.75,50.44,0.88,-16596489.29,132425100,-131439812.5,247030100,Industrials,CA
REI-U CN,RioCan Real Estate Investment Trust,,,,,,,,,,,,,,,,,,,,,,,--,,,,,,,,,,,,,,,,,,,,,,,,,29363800,1219819000,-0.48,2.18,-0.2,14,-1.18,73.33,1.55,-203707.97,7930015900,-67973763.79,13759085900,Real Estate,CA
FRU CN,Freehold Royalties Ltd,,,,,,,,,,,,,,,,,,,,,,,--,,,,,,,,,,,,,,,,,,,,,,,,,-2188000,150720000,-0.12,0.1,22.31,209.42,1.02,10.82,2.15,-6867517.09,1659693700,-4086292.29,1749409700,Energy,CA
MTL CN,Mullen Group Ltd,,,,,,,,,,,,,,,,,,,,,,,--,,,,,,,,,,,,,,,,,,,,,,,,,-57830200,1138489000,-0.19,0.63,1.87,25.27,0.17,53.31,3.94,-9636523.17,1631518900,-90053723.13,2024565900,Industrials,CA
BEI-U CN,Boardwalk Real Estate Investment Trust,,,,,,,,,,,,,,,,,,,,,,,--,,,,,,,,,,,,,,,,,,,,,,,,,-3395000,422926000,-2.63,1.24,2.62,28.57,2.68,87.12,1.14,-6949410.62,2178301800,-80513135.31,4701447800,Real Estate,CA
ACB CN,Aurora Cannabis Inc,,,,,,,,,,,,,,,,,,,,,,,--,,,,,,,,,,,,,,,,,,,,,,,,,3613400,18067000,-0.01,-0.05,#N/A,#N/A N/A,5.84,29.18,8.44,245355437.5,738142500,#N/A,627388500,Health Care,CA
AVL CN,Avalon Advanced Materials Inc,,,,,,,,,,,,,,,,,,,,,,,--,,,,,,,,,,,,,,,,,,,,,,,,,-,-,0.02,-0.02,#N/A,#N/A N/A,0.45,2.27,0.89,-8680775.07,27543000,-16926125.66,29115400,Materials,CA
HBC CN,Hudson's Bay Co,,,,,,,,,,,,,,,,,,,,,,,--,,,,,,,,,,,,,,,,,,,,,,,,,2121080000,14455000000,-3.33,-2.83,#N/A,#N/A N/A,5.63,152.9,0.09,-12150586,1887868600,476059797.7,5450868600,Consumer Discretionary,CA
ETO LN,Entertainment One Ltd,,,,,,,,,,,,,,,,,,,,,,,--,,,,,,,,,,,,,,,,,,,,,,,,,116000000,1082700000,-0.01,0.03,-2.53,90.59,-2.78,36.95,2.11,24426233.06,1050900800,124148257.5,1010800800,Communication Services,CA
GTE US,Gran Tierra Energy Inc,,,,,,,,,,,,,,,,,,,,,,,--,,,,,,,,,,,,,,,,,,,,,,,,,-32275000,421734000,-0.09,-0.08,0.81,15.68,5.48,27.4,-3.02,-9682435.55,1065882200,-38772939.78,1285043200,Energy,CA
QSR CN,Restaurant Brands International Inc,,,,,,,,,,,,,,,,,,,,,,,--,,,,,,,,,,,,,,,,,,,,,,,,,#N/A,4576100000,#N/A,2.64,#N/A,37.94,#N/A,265.82,0.49,22846335.97,36475234300,#N/A,50316943000,Consumer Discretionary,CA
BIP US,Brookfield Infrastructure Partners LP,,,,,,,,,,,,,,,,,,,,,,,--,,,,,,,,,,,,,,,,,,,,,,,,,402200000,3535000000,-0.07,0.04,#N/A,1077.89,-5.2,75.43,0.43,19773548.22,17578926000,2348452877,33243926000,Utilities,CA
NSU CN,Nevsun Resources Ltd,,,,,,,,,,,,,,,,,,,,,,,--,,,,,,,,,,,,,,,,,,,,,,,,,-55328400,289397000,-0.2,-0.28,#N/A,#N/A N/A,-,-,2.48,#N/A,924770200,41262130.6,955773300,Materials,CA
2733413Z CN,Caisse Centrale Desjardins,,,,,,,,,,,,,,,,,,,,,,,--,,,,,,,,,,,,,,,,,,,,,,,,,#N/A,#VALUE!,#N/A,#N/A N/A,#N/A,#N/A N/A,#N/A,#N/A N/A,#N/A N/A,#N/A,#VALUE!,#N/A,#VALUE!,#N/A N/A,CA
FN CN,First National Financial Corp,,,,,,,,,,,,,,,,,,,,,,,--,,,,,,,,,,,,,,,,,,,,,,,,,90031000,1078768000,0.33,3.42,-1.91,8.4,274.38,5896.36,1.11,9527859.16,1722864200,3184450727,31667885200,Financials,CA
IAG CN,iA Financial Corp Inc,,,,,,,,,,,,,,,,,,,,,,,--,,,,,,,,,,,,,,,,,,,,,,,,,759400000,11276000000,0.3,4.84,-0.92,12.44,-0.79,19.61,0.85,6036579.27,6380811600,493642932.9,6610811600,Financials,CA
IMAX US,IMAX Corp,,,,,,,,,,,,,,,,,,,,,,,--,,,,,,,,,,,,,,,,,,,,,,,,,19602400,380767000,-0.12,0.04,-0.29,35.66,-0.03,4.2,-0.65,-7632773.38,1499077300,-56936889.63,1441573300,Communication Services,CA
MAG CN,MAG Silver Corp,,,,,,,,,,,,,,,,,,,,,,,--,,,,,,,,,,,,,,,,,,,,,,,,,-,-,0.03,-0.08,#N/A,#N/A N/A,-,-,3.02,21681920.35,1325380700,43869905.99,1124453900,Materials,CA
HPI CN,Highbury Projects Inc,,,,,,,,,,,,,,,,,,,,,,,--,,,,,,,,,,,,,,,,,,,,,,,,,-,-,-,-0.01,#N/A,#N/A N/A,-,-,8.11,-3728813.88,2053300,-533977.22,1833900,Materials,CA
AAV CN,Advantage Oil & Gas Ltd,,,,,,,,,,,,,,,,,,,,,,,--,,,,,,,,,,,,,,,,,,,,,,,,,3689000,253224000,0.21,0.51,#N/A,50.08,-2.63,15.93,4.43,-13476931.79,1004201200,-40693608.45,1206263200,Energy,CA
BEP-U CN,Brookfield Renewable Partners LP,,,,,,,,,,,,,,,,,,,,,,,--,,,,,,,,,,,,,,,,,,,,,,,,,263200000,2625000000,0.02,-0.18,#N/A,#N/A N/A,0.8,82.38,0.33,9917323,13579983200,2672008341,36692298200,Utilities,CA
PSK CN,PrairieSky Royalty Ltd,,,,,,,,,,,,,,,,,,,,,,,--,,,,,,,,,0.64000131,,,,,,,,,,,,,,,,#N/A,345700000,#N/A,0.51,#N/A,62.86,#N/A,-,2.97,-2544354.28,7572470000,#N/A,7527370000,Energy,CA
VET CN,Vermilion Energy Inc,,,6610500.354,24.01207445,-54.44758236,-0.18185929,,,5616.000366,0.022458342,6217.199707,0.016623351,,,6.177982926,0.017030882,19.19836118,0.066924567,6.177982926,0.017030882,,,4,7009.200287,,,,,,,0.068891003,0.344867448,,10673.0082,296.8022301,4980297.083,4.998215796,4839.912123,5.007995129,-49138.0127,-0.037689462,-47.27352856,-0.037384109,13531.19965,0.15519388,13.18061181,0.155862101,-387200,1029083000,-0.28,0.52,6.5,93.6,7.69,83.72,4.36,-9561335.84,5562009700,88390172.48,6807155700,Energy,CA
AX-U CN,Artis Real Estate Investment Trust,,,,,,,,,,,,,,,,,,,,,,,--,,,,,,,,,,,,,,,,,,,,,,,,,28771800,516328000,-0.36,1.43,-0.59,9.65,-2.83,95.89,-0.35,-2047823.74,2093174200,120754576.1,4881157200,Real Estate,CA
BNE CN,Bonterra Energy Corp,,,,,,,,,,,,,,,,,,,,,,,--,,,,,,,,,,,,,,,,,,,,,,,,,11870400,188362000,-0.32,0.08,4.55,90.73,-8.98,57.27,7.1,-17836985.14,509655200,-189875413.8,801593200,Energy,CA
EFN CN,Element Fleet Management Corp,,,,,,,,,,,,,,,,,,,,,,,--,,,,,,,,,,,,,,,,,,,,,,,,,254831000,1329118000,0.07,0.29,-12.47,15.81,23.78,352.5,1.35,4340791.53,3610200300,2636355335,17397766300,Financials,CA
CEU CN,CES Energy Solutions Corp,,,,,,,,,,,,,,,,,,,,,,,--,,,,,,,,,,,,,,,,,,,,,,,,,111668200,1029640000,-0.01,0.14,0.16,42.47,7.26,71.19,6.85,-12289373.4,1748572700,224948421.1,2170849700,Energy,CA
KEL CN,Kelt Exploration Ltd,,,,,,,,,,,,,,,,,,,,,,,--,,,,,,,,,,,,,,,,,,,,,,,,,41590000,232950000,#N/A,-0.13,#N/A,#N/A N/A,#N/A,19.63,3.44,-6602776.91,1285192800,173494251,1447479800,Energy,CA
IVN CN,Ivanhoe Mines Ltd,,,,,,,,,,,,,,,,,,,,,,,--,,,,,,,,,,,,,,,,,,,,,,,,,-,-,0.12,0.22,#N/A,#N/A N/A,0.03,2.6,14.82,85833180.51,3338251800,-69951663.35,3065038000,Materials,CA
TOG CN,TORC Oil & Gas Ltd,,,,,,,,,,,,,,,,,,,,,,,--,,,,,,,,,,,,,,,,,,,,,,,,,59303800,326194000,0.15,-0.06,#N/A,391.63,3.5,17.52,4.36,698415.79,1475519000,229596833.3,1718203000,Energy,CA
TGL CN,TransGlobe Energy Corp,,,,,,,,,,,,,,,,,,,,,,,--,,,,,,,,,,,,,,,,,,,,,,,,,-33909200,148572000,-0.46,-1.09,#N/A,#N/A N/A,1.36,33.33,0.72,-12478805.4,137190200,-114064225.5,165438600,Energy,CA
HNL CN,Horizon North Logistics Inc,,,,,,,,,,,,,,,,,,,,,,,--,,,,,,,,,,,,,,,,,,,,,,,,,-40506800,324082000,-0.14,-0.05,#N/A,#N/A N/A,-3.73,24.46,0.84,-7404947.46,221353300,-84903642.13,295957300,Industrials,CA
AP-U CN,Allied Properties Real Estate Investment,,,,,,,,,,,,,,,,,,,,,,,--,,,,,,,,,,,,,,,,,,,,,,,,,31121800,419263000,-0.5,4.07,-0.75,22.77,-1.4,59.59,0.15,21791318.88,3902223700,508870189,6010923700,Real Estate,CA
OBE CN,Obsidian Energy Ltd,,,,,,,,,,,,,,,,,,,,,,,--,,,,,,,,,,,,,,,,,,,,,,,,,-453600000,420000000,-0.67,-1.19,#N/A,#N/A N/A,-2.78,16.57,8.27,-18164071.19,786771900,-1363353143,1143771900,Energy,CA
PKI CN,Parkland Fuel Corp,,,,,,,,,,,,,,,,,,,,,,,--,,,,,,,,,,,,,,,,,,,,,,,,,1085272800,9560000000,-0.12,0.7,0.1,21.95,7.97,122.43,1.8,51330929.72,3518386300,844182063.7,5509386300,Energy,CA
NYMX US,Nymox Pharmaceutical Corp,,,,,,,,,,,,,,,,,,,,,,,--,,,,,,,,,,,,,,,,,,,,,,,,,-569717.4,224000,-0.01,-0.26,#N/A,#N/A N/A,-,-,3.18,151497962.5,179527100,15296260.22,178676100,Health Care,CA
AKG CN,Asanko Gold Inc,,,,,,,,,,,,,,,,,,,,,,,--,,,,,,,,,,,,,,,,,,,,,,,,,51240600,256203000,0.11,0.03,#N/A,23.68,7.2,35.99,10.87,-542539.4,181070500,47221121.77,315235900,Materials,CA
APHA CN,Aphria Inc,,,,,,,,,,,,,,,,,,,,,,,--,,,,,,,,,,,,,,,,,,,,,,,,,4087696.6,20438500,0.08,0.04,#N/A,84.36,2.44,12.21,11.63,755847485.7,722776600,137873034.4,588948600,Health Care,CA
HLF CN,High Liner Foods Inc,,,,,,,,,,,,,,,,,,,,,,,--,,,,,,,,,,,,,,,,,,,,,,,,,22243000,1053846000,0.18,0.98,-1.58,9.19,-11.49,145.02,3.47,-9742906.13,495022700,-24214298.91,977532600,Consumer Staples,CA
MEG CN,MEG Energy Corp,,,,,,,,,,,,,,,,,,,,,,,--,,,,,,,,,,,,,,,,,,,,,,,,,282543600,2463222000,0.06,0.57,-1.92,10.81,13.41,118.15,3.78,-13228599.83,1511565900,-385802590.2,5731761900,Energy,CA
MERC US,Mercer International Inc,,,,,,,,,,,,,,,,,,,,,,,--,,,,,,,,,,,,,,,,,,,,,,,,,19281800,1169145000,0.27,1.09,#N/A,12.05,-26.22,124.47,1.45,-874068.91,929747200,42918690.08,1471840200,Materials,CA
ACD CN,Accord Financial Corp,,,,,,,,,,,,,,,,,,,,,,,--,,,,,,,,,,,,,,,,,,,,,,,,,1103706.4,31409100,-0.01,0.72,-0.18,11.23,9.29,192.18,-0.17,223662.05,76431000,18822959.7,221660400,Financials,CA
TFII CN,TFI International Inc,,,,,,,,,,,,,,,,,,,,,,,--,,,,,,,,,,,,,,,,,,,,,,,,,339431600,4837414000,0.02,1.75,-0.69,20.09,-1.64,106.55,3.45,893610.39,2956529400,330708246.1,4464317400,Industrials,CA
IPL CN,Inter Pipeline Ltd,,,,,,,,,,,,,,,,,,,,,,,83.333,,,,,,,,,,,,,,,,,,,,,,,,,210921800,2260600000,0.05,1.41,-0.88,18.23,-4.12,156.92,2.98,-2498414.74,9806600100,918095667.1,15215200100,Energy,CA
SOY CN,SunOpta Inc,,,,,,,,,,,,,,,,,,,,,,,--,,,,,,,,,,,,,,,,,,,,,,,,,37705800,1279593000,-0.41,-1.66,#N/A,#N/A N/A,17.67,143.47,0.3,-14335758,839589600,97114665.61,1516878200,Consumer Staples,CA
CIO US,City Office REIT Inc,,,,,,,,,,,,,,,,,,,,,,,--,,,,,,,,,,,,,,,,,,,,,,,,,18994108.4,106487000,#N/A,-0.05,#N/A,#N/A N/A,-150.02,136.04,-0.3,44875213.27,468517200,#N/A,1085933200,Real Estate,CA
TOU CN,Tourmaline Oil Corp,,,,,,,,,,,,,,,,,,,,,,,--,,,,,,,,,,,,,,,,,,,,,,,,,285593800,1852547000,0.24,1.29,-52.74,21.41,1.62,21.27,5.98,-10381350.31,6175292300,-140984692.9,7737865300,Energy,CA
EFX CN,Enerflex Ltd,,,,,,,,,,,,,,,,,,,,,,,--,,,,,,,,,,,,,,,,,,,,,,,,,10334200,1553355000,0.04,1.1,0.47,16.77,5.93,40.55,2.56,2207423.58,1358209700,135590742.6,1592260700,Energy,CA
TRZ CN,Transat AT Inc,,,,,,,,,,,,,,,,,,,,,,,--,,,,,,,,,,,,,,,,,,,,,,,,,-141774800,3005345000,0.81,3.63,#N/A,5.59,-1.07,-,-5.9,7271094,411642100,-57309261.49,-181939900,Consumer Discretionary,CA
SRHI CN,Sprott Resource Holdings Inc,,,,,,,,,,,,,,,,,,,,,,,--,,,,,,,,,,,,,,,,,,,,,,,,,-,-,-5.39,-21.76,#N/A,#N/A N/A,-,-,4.87,22226727.66,105660500,-6623851.07,-15198500,Materials,CA
FR CN,First Majestic Silver Corp,,,,,,,,,,,,,,,,,,,,,,,--,,,,,,,,,,,,,,,,,,,,,,,,,1022200,252288000,-0.22,-0.32,#N/A,#N/A N/A,0.41,7.05,8.75,63828720.96,1405099200,-220758288.4,1294369300,Materials,CA
CMG CN,Computer Modelling Group Ltd,,,,,,,,,,,,,,,,,,,,,,,--,,,,,,,,,,,,,,,,,,,,,,,,,2812600,75097000,0,0.31,-,33.39,-,-,-0.18,-9080650.93,821986700,33079897.45,758747700,Energy,CA
ABT CN,Absolute Software Corp,,,,,,,,,,,,,,,,,,,,,,,--,,,,,,,,,,,,,,,,,,,,,,,,,3377608.79,91210600,-0.02,-0.13,#N/A,#N/A N/A,-,-,-0.94,-2595683.64,303019900,10406164.44,260308200,Information Technology,CA
BNP CN,Bonavista Energy Corp,,,,,,,,,,,,,,,,,,,,,,,--,,,,,,,,,,,,,,,,,,,,,,,,,-35976200,536891000,-0.1,-0.11,#N/A,#N/A N/A,2.62,52,12.97,-18410595.21,595530800,-457430118.7,1396074800,Energy,CA
PEY CN,Peyto Exploration & Development Corp,,,,,,,,,,,,,,,,,,,,,,,50.008,,,,,,,,,,,,,,,,,,,,,,,,,69241000,726852000,0.08,1.07,-0.41,14.05,5.33,74.58,5.46,-17903828.72,2478058900,-343009335.1,3757406900,Energy,CA
DPM CN,Dundee Precious Metals Inc,-3540.399857,-0.118013331,-173133.8013,-0.148324966,,,-631.8000793,-0.020474434,,,-21533.39844,-0.067841388,,,-44.74243443,-0.05422593,-11.98453204,-0.022219496,-44.74243443,-0.05422593,0.016133414,-0.065274244,44.459,-165004.0039,-0.051921524,,,,,,3.89E-05,0.00070481,,36.59996986,0.015769051,-545933.9844,-0.068054938,-1135.702761,-0.054461481,-30203.00293,-0.051323841,-55.08189511,-0.036006686,-199028.0273,-0.043762909,-327.0858285,-0.0276668,-7186000,348755000,-0.09,-,7.96,29.47,-1.44,3.63,2.8,26644964.11,535381700,-110187305.2,537334700,Materials,CA
BCM CN,Bear Creek Mining Corp,,,,,,,,,,,,,,,,,,,,,,,--,,,,,,,,,,,,,,,,,,,,,,,,,-,-,0.1,0.17,#N/A,9.49,-,-,18.87,16177819.2,208231800,3466944.9,184652300,Materials,CA
KXS CN,Kinaxis Inc,,,,,,,,,,,,,,,,,,,,,,,--,,,,,,,,,,,,,,,,,,,,,,,,,17329200,133317000,0.1,0.81,-49,79.61,#N/A,-,0.96,77628188.16,1954208600,#N/A,1755783400,Information Technology,CA
OR CN,Osisko Gold Royalties Ltd,,,,,,,,,,,,,,,,,,,,,,,--,,,,,,,,,,,,,,,,,,,,,,,,,#N/A,213216000,#N/A,-0.33,#N/A,274.83,#N/A,24.51,-0.55,35448466.8,2279994000,#N/A,2410597000,Materials,CA
BYD-U CN,Boyd Group Income Fund,,,,,,,,,,,,,,,,,,,,,,,--,,,,,,,,,,,,,,,,,,,,,,,,,227004761,1569448000,0.52,3.16,-24.88,36.14,-29.23,60.68,1,69443981.82,1968708000,401607758.1,2187774000,Industrials,CA
UEC US,Uranium Energy Corp,,,,,,,,,,,,,,,,,,,,,,,--,,,,,,,,,,,,,,,,,,,,,,,,,-2751480,-,0.04,-0.14,#N/A,#N/A N/A,8.35,41.74,31.18,698645.04,222959300,183599.41,219638200,Energy,CA
PXT CN,Parex Resources Inc,,,,,,,,,,,,,,,,,,,,,,,0.031,,,,0.004691477,,,,,0.001274535,,,,,,,,,,,,,,,,22124200,598479000,0.13,1.01,-7.35,11.84,-2.99,1.1,3.75,40834002.67,2815807300,283826726,2533606500,Energy,CA
NTR CN,Nutrien Ltd,,,,,,,,,,,,,,,,,,,,,,,--,,,,,,,,,,,,,,,,,,,,,,,,,#N/A,18250000000,#N/A,#N/A N/A,#N/A,#N/A N/A,#N/A,67.36,#N/A N/A,545229.65,#VALUE!,#N/A,#VALUE!,Materials,CA
PG CN,Premier Gold Mines Ltd,,,,,,,,,,,,,,,,,,,,,,,--,,,,,,,,,,,,,,,,,,,,,,,,,40203791.5,201019600,0.06,0.08,#N/A,36.01,0.35,6.24,-2.2,13792616.65,727986200,11044125.6,622769900,Materials,CA
HYG CN,Hydrogenics Corp,,,,,,,,,,,,,,,,,,,,,,,--,,,,,,,,,,,,,,,,,,,,,,,,,3283600,48115000,0.19,-0.77,#N/A,#N/A N/A,0.99,4.96,-11.02,28185181.68,213260700,11144729.54,187817100,Industrials,CA
AGI CN,Alamos Gold Inc,,,,,,,,,,,,,,,,,,,,,,,44.229,,,,,,,,,,,,,,,,,,,,,,,,,42685600,542800000,-0.18,0.09,14.61,72.64,-,-,7.14,50841588.64,3186339200,67933387.54,2889950300,Materials,CA
PPL CN,Pembina Pipeline Corp,,,,,,,,,,,,,,,,,,,,,,,--,,,,,,,,,,,,,,,,,,,,,,,,,375800000,5306000000,0.2,1.87,-6.65,29.45,-1.03,54.59,2.12,15427570.27,22891590400,3857051908,32610590400,Energy,CA
IDL CN,Imaging Dynamics Co Ltd,,,,,,,,,,,,,,,,,,,,,,,--,,,,,,,,,,,,,,,,,,,,,,,,,-447495.2,875200,0.01,-0.2,#N/A,#N/A N/A,#N/A,#N/A N/A,8.14,-9397110.8,1471400,1952554.67,18932500,Health Care,CA
EIF CN,Exchange Income Corp,,,,,,,,,,,,,,,,,,,,,,,--,,,,,,,,,,,,,,,,,,,,,,,,,42475400,1012950000,0.21,2.33,-2.2,16.4,13.71,146.91,3.88,30402147.6,1106502400,199810617,1882613400,Industrials,CA
GEI CN,Gibson Energy Inc,,,,,,,,,,,,,,,,,,,,,,,--,,,,,,,,,,,,,,,,,,,,,,,,,149323400,5659646000,-0.16,0.31,7.66,46.55,16.77,132.66,2.75,297341.01,2598679300,-23000929.45,3774579300,Energy,CA
BAD CN,Badger Daylighting Ltd,,,,,,,,,,,,,,,,,,,,,,,--,,,,,,,,,,,,,,,,,,,,,,,,,51515859.8,496808000,0.19,1.77,-5.75,15.25,1.65,29.54,3.05,10519663.81,1008396500,88292165.98,1056379500,Industrials,CA
PVG CN,Pretium Resources Inc,,,,,,,,,,,,,,,,,,,,,,,--,,,,,,,,,,,,,,,,,,,,,,,,,35586600,177933000,0.02,-0.09,#N/A,#N/A N/A,17.58,87.9,2.12,60390848.43,2612409300,243086201.3,3474632700,Materials,CA
ECN CN,ECN Capital Corp,,,,,,,,,,,,,,,,,,,,,,,--,,,,,,,,,,,,,,,,,,,,,,,,,#N/A,142988700,#N/A,0.45,#N/A,16.13,#N/A,76.24,#N/A N/A,-1436526.59,1502035200,#N/A,3110767200,Financials,CA
SVM CN,Silvercorp Metals Inc,,,,,,,,,,,,,,,,,,,,,,,--,,,,,,,,,,,,,,,,,,,,,,,,,-14898200,163471000,-0.03,0.26,1.51,15.07,-,-,14.11,43981306.17,773369700,-82849396.47,717956100,Materials,CA
JAG CN,Jaguar Mining Inc,,,,,,,,,,,,,,,,,,,,,,,--,,,,,,,,,0.442361762,,,,,,,,,,,,,,,,-13439800,105231000,17.28,-0.01,#N/A,#N/A N/A,-32.41,14.8,17.29,78559541.94,112164800,-44198949.46,110783100,Materials,CA
BXE CN,Bellatrix Exploration Ltd,,,,,,,,,,,,,,,,,,,,,,,--,,,,,,,,,,,,,,,,,,,,,,,,,13422200,256762000,-7.56,-22.2,#N/A,#N/A N/A,-0.15,51.28,2.86,-19435855.57,106162800,-67553645.26,503063800,Energy,CA
TS/B CN,Torstar Corp,,,,,,,,,,,,,,,,,,,,,,,--,,,,,,,,,,,,,,,,,,,,,,,,,-158216600,615685000,-0.28,-0.36,#N/A,#N/A N/A,-5.19,-,-0.88,-17417320.61,138294700,-132901718.7,66772700,Communication Services,CA
TXG CN,Torex Gold Resources Inc,,,,,,,,,,,,,,,,,,,,,,,57.165,,,,,,,,,,,,,,,,,,,,,,,,,62980000,314900000,0.25,-0.16,#N/A,#N/A N/A,11.35,56.76,6.58,14370261.24,952653100,51166399.74,1379448000,Materials,CA
PD CN,Precision Drilling Corp,,,,,,,,,,,,,,,,,,,,,,,--,,,,,,,,,,,,,,,,,,,,,,,,,-143903400,1321224000,-0.13,-0.45,#N/A,#N/A N/A,7.89,95.59,5.08,-14798478.82,1117240000,-119791162.7,2782596000,Energy,CA
AGB CN,Atlantic Gold Corp,,,,,,,,,,,,,,,,,,,,,,,--,,,,,,,,,,,,,,,,,,,,,,,,,-,-,-0.01,-0.02,#N/A,#N/A N/A,30.31,151.54,4.54,#N/A,278787000,77517144.23,394521000,Materials,CA
TCN CN,Tricon Capital Group Inc,,,,,,,,,,,,,,,,,,,,,,,--,,,,,,,,,,,,,,,,,,,,,,,,,32545462.43,176447000,0.14,0.54,-52,12.42,8.26,41.32,-0.69,28946133.7,1543796000,245811431.7,2019503800,Real Estate,CA
RNW CN,TransAlta Renewables Inc,,,,,,,,,,,,,,,,,,,,,,,--,,,,,,,,,,,,,,,,,,,,,,,,,#N/A,459000000,#N/A,0.04,#N/A,28.31,#N/A,47.47,2.94,32811906.28,3354358500,#N/A,4413358500,Utilities,CA
LUC CN,Lucara Diamond Corp,0,,,,0,,,,,,4468.000031,0.072659858,,,-218.0595459,-0.148336267,-68.97021058,-0.087321699,-218.0595459,-0.148336267,-0.117242415,-0.080733941,13,-26909.99756,-0.066476938,,,,,,,,,,,93873.99902,0.050765477,-6740.818174,-0.152484826,22107.46155,0.283961609,-201.5633793,-0.108298701,,,,,35786542.2,220763000,0.04,0.17,#N/A,14.33,-6.47,-,2.81,-6816268.24,1075160300,74922246.61,998664200,Materials,CA
TKO CN,Taseko Mines Ltd,,,,,,,,,,,,,,,,,,,,,,,--,,,,,,,,,,,,,,,,,,,,,,,,,24938400,378299000,0.04,0.15,-1.95,12.78,6.59,89.69,-0.5,-9553508.48,667079600,14757279.24,916066600,Materials,CA
ENGH CN,Enghouse Systems Ltd,,,,,,,,,,,,,,,,,,,,,,,--,,,,,,,,,,,,,,,,,,,,,,,,,37800000,325368000,0.11,0.95,-10.18,28.75,0.18,0.88,-0.83,16643694.45,1469898000,198217958.2,1342259000,Information Technology,CA
MIC CN,Genworth MI Canada Inc,,,,,,,,,,,,,,,,,,,,,,,--,,,,,,,,,,,,,,,,,,,,,,,,,-3050400,940836000,0.2,5.76,-0.14,8.54,-0.59,10.94,0.18,5580463.72,3955978700,250775553.8,4102297700,Financials,CA
D-U CN,Dream Office Real Estate Investment Trus,,,,,,,,,,,,,,,,,,,,,,,--,,,,,,,,,,,,,,,,,,,,,,,,,-26750000,474046000,-0.36,1.38,1.73,19.35,-1.1,78.8,0.29,-8788637.22,1711293200,-704381876.9,2981983200,Real Estate,CA
CPX CN,Capital Power Corp,,,-4790400,-0.123936666,,,0,,,,-175200,-0.015372466,0,,252.8671836,0.028754573,4.468133696,0.015958416,252.8671836,0.028754573,,,--,,,0.002950982,0.055371677,,54721.99707,0.03309805,-0.001549829,0.180668473,,-6200,-0.026839827,-5915200,-0.101503192,-3505.638175,-0.07796189,-1181100,-0.029015663,372.2104771,0.011850575,-23800,-0.019412724,22.46594906,0.02374867,-50000000,1046000000,0.05,1.07,0.69,19.26,2.07,70.64,1.8,10851010.88,2575808300,193344876.7,5493808300,Utilities,CA
CHR CN,Chorus Aviation Inc,,,,,,,,,,,,,,,,,,,,,,,--,,,,,,,,,,,,,,,,,,,,,,,,,-71697200,1352200000,0.11,1.36,-0.95,6.82,24.57,397.7,-0.12,27662696.58,1286581700,300580466.1,2330184700,Industrials,CA
CR CN,Crew Energy Inc,,,,,,,,,,,,,,,,,,,,,,,--,,,,,,,,,,,,,,,,,,,,,,,,,-27339200,214001000,0.01,0.23,#N/A,66.87,3.16,36.3,8.67,-17263564.85,469210900,-103582622.7,785049900,Energy,CA
SMTX US,SMTC Corp,,,,,,,,,,,,,,,,,,,,,,,--,,,,,,,,,,,,,,,,,,,,,,,,,-31414800,139231000,-0.19,-0.47,#N/A,#N/A N/A,11.87,107.24,2.01,46922609.19,31809700,-1172634.1,46727700,Information Technology,CA